,district,address,room_count,area,floors,house_type,price,latitude,longitude,quadrant,price_psqm
2,Čiekurkalns,Rusova 30,1,36.0,3/5,M. ģim.,280.0,56.98664845,24.17400697498923,1369.0,7.777777777777778
5,Teika,Brīvības 231,1,34.0,4/5,103.,290.0,56.97667875,24.176255008198623,1243.0,8.529411764705882
17,centrs,Veru 3,2,38.0,1/5,Renov.,450.0,56.961845,24.10100003927196,1039.0,11.842105263157896
23,Pļavnieki,Kaudzīšu 6,1,33.0,2/9,602.,220.0,56.938986850000006,24.1985129889548,744.0,6.666666666666667
25,Vecmīlgrāvis,Vecmīlgrāvja 1. l. 49,2,50.0,4/5,LT proj.,250.0,57.0288589,24.1070599,1859.0,5.0
26,Sarkandaugava,Tvaika 54 k-1,1,30.0,5/5,Hrušč.,350.0,57.0082917,24.123346,1611.0,11.666666666666666
28,Bolderāja,Gobas 18,1,38.0,1/2,Staļina,120.0,57.0303095,24.0519642,1848.0,3.1578947368421053
32,Jugla,Murjāņu 40,1,31.0,1/5,LT proj.,250.0,56.9782178,24.248685114741967,1258.0,8.064516129032258
40,centrs,Dzirnavu 96,4,110.0,4/5,P. kara,630.0,56.95008575,24.12430826659416,855.0,5.7272727272727275
41,Ķengarags,Prūšu 21,1,18.0,3/4,M. ģim.,160.0,56.9118027,24.1926528,428.0,8.88888888888889
42,Jugla,Murjāņu 48,2,45.0,5/5,LT proj.,260.0,56.9777671,24.250166840644773,1258.0,5.777777777777778
46,Bieriņi,Raudas 9,2,38.0,1/2,P. kara,120.0,56.92753635,24.057594321913022,590.0,3.1578947368421053
53,Āgenskalns,Mārupes 13,2,45.0,1/2,Renov.,450.0,56.9331893,24.071089435,655.0,10.0
56,Dārzciems,Nīcgales 47,1,34.0,3/5,103.,290.0,56.9461178,24.173099986747744,865.0,8.529411764705882
59,Vecrīga,Kalēju 14,2,87.0,4/5,P. kara,750.0,56.9483908,24.11070826217105,852.0,8.620689655172415
63,Vecmīlgrāvis,Baltāsbaznīcas 44,3,72.0,2/3,Specpr.,420.0,57.0366979,24.0897398,1982.0,5.833333333333333
71,centrs,Barona 140,2,56.0,2/2,P. kara,200.0,56.9541912,24.1272498,918.0,3.5714285714285716
72,Teika,Ieriķu 60,2,50.0,7/9,Specpr.,310.0,56.9656754,24.1716043,1116.0,6.2
74,centrs,Ģertrūdes 62,2,40.0,5/6,P. kara,450.0,56.9514154,24.1331187,920.0,11.25
83,Ķengarags,Maskavas 315,1,36.0,2/12,Čehu pr.,200.0,56.9091346,24.18367779623388,363.0,5.555555555555555
90,Imanta,Dammes 4,1,35.0,4/9,602.,250.0,56.96173755,24.01580305572784,1022.0,7.142857142857143
92,centrs,Brīvības 132,2,62.0,3/5,P. kara,620.0,56.9631314,24.1377744,1047.0,10.0
93,Bolderāja,Kodola 6,1,10.0,2/2,Specpr.,120.0,57.036624,24.04255725000001,1973.0,12.0
94,centrs,Vidus 11,3,118.0,2/6,Renov.,1200.0,56.9615303,24.10291659587181,1040.0,10.169491525423728
95,Čiekurkalns,Rusova 9,3,65.0,4/7,Jaun.,650.0,56.9885541,24.16971784298676,1368.0,10.0
96,centrs,Matīsa 49,3,70.0,1/5,P. kara,500.0,56.955076000000005,24.13802250653813,921.0,7.142857142857143
100,centrs,Valdemāra 41a,2,40.0,3/7,Jaun.,750.0,56.95912665,24.11669989974679,979.0,18.75
102,Jugla,Murjāņu 36,1,31.0,5/5,LT proj.,330.0,56.97863375,24.247480052995385,1258.0,10.64516129032258
109,Purvciems,Stirnu 55,1,30.0,4/5,LT proj.,320.0,56.96423965,24.1939779,1058.0,10.666666666666666
112,Purvciems,Brantkalna 7,1,45.0,4/12,104.,270.0,56.9500527,24.1921135,868.0,6.0
115,Jugla,Kvēles 27,2,48.0,2/5,Hrušč.,300.0,56.9820393,24.246020693013463,1320.0,6.25
116,Ķengarags,Maskavas 307,2,38.0,3/5,LT proj.,230.0,56.91116365,24.17949837015532,425.0,6.052631578947368
117,Ķengarags,Lokomotīves 62,2,38.0,1/5,LT proj.,260.0,56.9066697,24.20501380558243,367.0,6.842105263157895
121,Mežciems,Kaivas 60,1,32.0,9/9,Jaun.,280.0,56.9571247,24.2475937,1006.0,8.75
122,Jugla,Brīvības 386/1,2,48.0,12/10,Jaun.,590.0,56.9907911,24.2466615,1446.0,12.291666666666666
132,Purvciems,Ūnijas 76,3,63.0,5/5,LT proj.,300.0,56.9609795,24.1836189,1056.0,4.761904761904762
133,centrs,Brīvības 66,2,45.0,5/6,Staļina,520.0,56.9569427,24.1232516,981.0,11.555555555555555
139,Imanta,Kooperatīva 38,3,64.0,5/5,LT proj.,450.0,56.95963205,24.0312503,962.0,7.03125
144,centrs,Blaumaņa 32,5,132.0,5/6,P. kara,900.0,56.9520624,24.1254698,918.0,6.818181818181818
145,centrs,Barona 63,5,155.0,3/5,Renov.,900.0,56.9572331,24.1326688,983.0,5.806451612903226
146,centrs,Barona 63,2,60.0,2/5,Renov.,500.0,56.9572331,24.1326688,983.0,8.333333333333334
149,Ziepniekkalns,Graudu 30a,1,29.0,1/2,Specpr.,240.0,56.909665,24.0994122,346.0,8.275862068965518
150,Purvciems,Ilūkstes 101,2,53.0,1/5,103.,340.0,56.9521699,24.19569529834171,932.0,6.415094339622642
151,Purvciems,Ūnijas 24,1,34.0,5/5,Specpr.,400.0,56.9625569,24.1815831,1055.0,11.764705882352942
157,Purvciems,Purvciema 46,1,39.0,2/5,M. ģim.,300.0,56.95423785,24.183842,930.0,7.6923076923076925
173,Imanta,Imantas 3a,1,28.0,3/5,LT proj.,300.0,56.9534164,24.026215098612447,898.0,10.714285714285714
177,Pļavnieki,Lubānas 123,1,39.0,2/16,Specpr.,300.0,56.9411711,24.237357,815.0,7.6923076923076925
178,Ķengarags,Maskavas 315,1,36.0,9/12,Čehu pr.,220.0,56.9091346,24.18367779623388,363.0,6.111111111111111
182,Šampēteris-Pleskodāle,Lielirbes 13,3,94.0,6/30,Jaun.,680.0,56.9348241,24.0428561,650.0,7.23404255319149
187,Ķengarags,Maskavas 297,1,36.0,10/12,Čehu pr.,250.0,56.9141664,24.17671962738921,424.0,6.944444444444445
189,Āgenskalns,Smiļģa 8,2,44.0,1/2,Renov.,520.0,56.9419115,24.0804191077791,783.0,11.818181818181818
195,Imanta,Kleistu 6,3,54.0,5/5,LT proj.,390.0,56.9603664,24.02378672059732,961.0,7.222222222222222
198,Iļģuciems,Lidoņu 19,2,49.0,3/5,LT proj.,290.0,56.97071185,24.06133985914488,1157.0,5.918367346938775
199,centrs,Artilērijas 25,3,60.0,2/3,P. kara,700.0,56.9586169,24.1404527,984.0,11.666666666666666
200,Imanta,Slokas 111h,3,82.0,4/4,Jaun.,740.0,56.96134625,24.039993072806983,1027.0,9.024390243902438
201,centrs,Tallinas 30,1,33.0,1/5,Staļina,320.0,56.9621313,24.1383736,1047.0,9.696969696969697
209,Ķengarags,Glūdas 15,2,47.0,1/5,Hrušč.,350.0,56.91339875,24.1750019,424.0,7.446808510638298
212,Pļavnieki,Salnas 24,1,39.0,3/5,M. ģim.,200.0,56.94167865,24.22621375,812.0,5.128205128205129
213,centrs,Dzirnavu 119,2,60.0,2/5,P. kara,500.0,56.946983,24.1255417,855.0,8.333333333333334
215,Pļavnieki,Deglava 126,3,79.0,2/9,119.,480.0,56.94660995,24.200166341920063,870.0,6.075949367088608
220,centrs,Čaka 113,2,45.0,2/5,Renov.,600.0,56.9588573,24.1409036,984.0,13.333333333333334
222,centrs,Čaka 82,2,46.0,2/6,P. kara,520.0,56.95638515,24.13822863315769,984.0,11.304347826086957
228,Mežciems,Hipokrāta 24,2,40.0,4/5,Jaun.,530.0,56.96045145,24.24015598929696,1004.0,13.25
236,Ķengarags,Kaņiera 16,1,31.0,1/12,Specpr.,300.0,56.91465465,24.167929525452145,423.0,9.67741935483871
265,Ziepniekkalns,Valdeķu 60,1,34.0,7/9,602.,300.0,56.9009684,24.0955431864208,282.0,8.823529411764707
267,centrs,Tērbatas 45,3,75.0,3/5,Renov.,1100.0,56.9559795,24.1255046,981.0,14.666666666666666
268,centrs,Tērbatas 45,2,72.0,2/5,Renov.,830.0,56.9559795,24.1255046,981.0,11.527777777777779
271,Ķengarags,Maskavas 425,2,50.0,7/9,467.,230.0,56.8985114,24.208727951588536,242.0,4.6
273,Dārzciems,Vietalvas 18,2,53.0,4/5,103.,200.0,56.944070100000005,24.17000512541289,801.0,3.7735849056603774
278,Sarkandaugava,Alekša 2,1,25.0,1/2,Priv. m.,180.0,56.99269815,24.126273501114355,1422.0,7.2
288,Zolitūde,Zolitūdes 36,2,55.0,3/9,119.,340.0,56.9469888,24.001310330471867,830.0,6.181818181818182
290,Sarkandaugava,Patversmes 26,2,39.0,5/5,Hrušč.,230.0,56.98890165,24.13568806503879,1361.0,5.897435897435898
291,Purvciems,Lielvārdes 121,3,55.0,5/5,LT proj.,450.0,56.95679325,24.203146549999992,997.0,8.181818181818182
307,centrs,Dzirnavu 66,2,71.0,6/6,P. kara,700.0,56.9532739,24.1212758,917.0,9.859154929577464
309,Ziepniekkalns,Bauskas 75,2,36.0,3/5,Specpr.,250.0,56.91470935,24.11132602225998,411.0,6.944444444444445
354,centrs,Brīvības 71,3,80.0,3/5,Renov.,1200.0,56.9589224,24.12524037481344,981.0,15.0
355,centrs,Tērbatas 55,4,101.0,4/6,P. kara,500.0,56.9570214,24.1281093,982.0,4.9504950495049505
357,centrs,Marijas 18,4,99.0,6/7,Renov.,990.0,56.9505809,24.12586875580611,918.0,10.0
362,Zolitūde,Liedes 28,2,57.0,1/4,Jaun.,500.0,56.94283395,24.02040137468294,771.0,8.771929824561404
371,centrs,Blaumaņa 32,5,135.0,5/6,P. kara,900.0,56.9520624,24.1254698,918.0,6.666666666666667
372,Torņakalns,Satiksmes 1,1,40.0,1/4,P. kara,170.0,56.92745895,24.091479031541382,596.0,4.25
375,Teika,Palmu 11,1,34.0,5/5,103.,200.0,56.979721350000005,24.180629376988392,1244.0,5.882352941176471
379,Zolitūde,Zolitūdes 36/1,1,45.0,8/9,119.,269.0,56.9485467,23.9995972,830.0,5.977777777777778
388,centrs,Elizabetes 29b,3,86.0,4/4,Renov.,900.0,56.958696,24.109134579725165,978.0,10.465116279069768
396,Purvciems,Stirnu 22,2,37.0,2/5,Specpr.,270.0,56.95626335,24.18334655982182,993.0,7.297297297297297
397,Purvciems,Dudajeva g. 6,3,66.0,1/5,LT proj.,360.0,56.9575254,24.1942844,995.0,5.454545454545454
399,Čiekurkalns,Čiekurkalna 2. l. 21,1,40.0,3/3,Renov.,260.0,56.9834242,24.1592013,1303.0,6.5
404,centrs,Alunāna 2,3,130.0,1/5,P. kara,1100.0,56.9558836,24.1099178,978.0,8.461538461538462
407,Teika,Bērzpils 3,2,42.0,4/5,Hrušč.,400.0,56.9848186,24.1978461,1311.0,9.523809523809524
408,Pļavnieki,Grestes 4,2,55.0,6/9,602.,350.0,56.93638985,24.206615923577623,745.0,6.363636363636363
410,centrs,Čaka 33,1,34.0,4/7,Renov.,600.0,56.9521436,24.1276865,919.0,17.647058823529413
418,Pļavnieki,Salnas 21,2,45.0,4/8,Jaun.,460.0,56.942327,24.23009287799782,813.0,10.222222222222221
420,Teika,Turaidas 6,2,46.0,3/5,Jaun.,650.0,56.967642600000005,24.15859858876042,1114.0,14.130434782608695
421,Mežciems,Druvienas 34,3,60.0,1/5,LT proj.,320.0,56.9698179,24.23250115000001,1129.0,5.333333333333333
422,Sarkandaugava,Priežu 14,1,21.0,2/3,Renov.,280.0,56.9924301,24.1288484,1423.0,13.333333333333334
424,Purvciems,Stirnu 19,2,36.0,2/5,LT proj.,250.0,56.95663,24.1819943,992.0,6.944444444444445
425,Teika,Brīvības 231,1,32.0,4/5,Hrušč.,270.0,56.97667875,24.176255008198623,1243.0,8.4375
426,centrs,Dzirnavu 113,2,45.0,3/4,P. kara,350.0,56.9497335,24.1258382,855.0,7.777777777777778
427,Iļģuciems,Dzirciema 57,3,60.0,2/9,467.,450.0,56.96156055,24.05295580144329,1030.0,7.5
428,Sarkandaugava,Tilta 24,2,49.0,4/4,P. kara,300.0,56.9949274,24.128652313318533,1423.0,6.122448979591836
432,Purvciems,Ilūkstes 50,1,46.0,2/9,119.,350.0,56.94963665,24.198608337000984,870.0,7.608695652173913
434,centrs,Ganu 3,2,34.0,1/2,P. kara,420.0,56.9619549,24.109404,1041.0,12.352941176470589
435,Purvciems,Ūnijas 38,1,22.0,1/2,Specpr.,300.0,56.9625569,24.1815831,1055.0,13.636363636363637
442,Ķengarags,Prūšu 20,2,41.0,4/5,Hrušč.,390.0,56.91425235,24.185483337505133,426.0,9.512195121951219
443,centrs,Baznīcas 13,3,123.0,5/5,P. kara,1300.0,56.956462,24.1187486,980.0,10.56910569105691
446,Jugla,Kvēles 35,1,33.0,2/5,LT proj.,350.0,56.98280385,24.24821076410569,1321.0,10.606060606060606
448,Ziepniekkalns,Zaļenieku 40a,1,30.0,5/5,Hrušč.,320.0,56.9050388,24.10127997534021,283.0,10.666666666666666
454,centrs,Dzirnavu 83,3,135.0,7/7,Jaun.,2500.0,56.95355435,24.122246109100512,917.0,18.51851851851852
464,Imanta,Jūrmalas g. 93,2,49.0,4/5,LT proj.,300.0,56.9529998,24.0165749,896.0,6.122448979591836
466,centrs,Gogoļa 13,3,87.0,4/5,P. kara,690.0,56.9464023,24.118269,854.0,7.931034482758621
469,Āgenskalns,Dreiliņu 16,2,40.0,2/5,Hrušč.,400.0,56.9413267,24.0606631,779.0,10.0
470,Pļavnieki,Kaudzīšu 22,4,73.0,3/9,602.,500.0,56.93855065,24.20157666062909,744.0,6.8493150684931505
472,Zolitūde,Liedes 2,3,89.0,3/4,Jaun.,600.0,56.9444498,24.02558830413396,772.0,6.741573033707865
477,Vecrīga,Kalēju 37,3,50.0,3/4,Renov.,530.0,56.9469015,24.1127752,853.0,10.6
479,centrs,Tērbatas 72,3,81.0,3/7,Jaun.,950.0,56.95828285,24.13295270970784,983.0,11.728395061728396
480,centrs,Martas 9,3,92.0,2/5,P. kara,1000.0,56.955227,24.128670987508468,919.0,10.869565217391305
489,Purvciems,Dzelzavas 21,2,44.0,4/5,Hrušč.,320.0,56.96121715,24.174310820619613,1054.0,7.2727272727272725
491,Šampēteris-Pleskodāle,Stendes 7,1,20.0,2/3,Specpr.,120.0,56.9397069,24.0349581,711.0,6.0
495,Purvciems,Dzelzavas 38,1,13.0,8/12,104.,130.0,56.9583699,24.1789809,992.0,10.0
499,centrs,Miera 10,3,89.0,5/6,P. kara,600.0,56.9610882,24.130431483509582,1045.0,6.741573033707865
504,Pļavnieki,Ulbrokas 12,1,40.0,3/5,M. ģim.,250.0,56.94122905,24.217423167469,811.0,6.25
516,Ķengarags,Salaspils 12/1,2,50.0,5/5,LT proj.,250.0,56.9221101,24.1811252,551.0,5.0
518,centrs,Merķeļa 7,1,30.0,2/5,Renov.,500.0,56.9488559,24.11897525334369,854.0,16.666666666666668
538,Sarkandaugava,Tvaika 34,1,22.0,5/5,Renov.,165.0,57.0024524,24.118910937501568,1547.0,7.5
540,Pļavnieki,Dzeņu 7/1,2,53.0,5/8,Jaun.,450.0,56.9401889,24.2111828,746.0,8.49056603773585
546,centrs,Eksporta 12,3,103.0,2/6,Renov.,650.0,56.9593516,24.0983542,976.0,6.310679611650485
558,Mangaļsala,Traleru 19,1,32.0,5/5,Specpr.,250.0,57.0528275,24.06481233827122,2166.0,7.8125
561,Purvciems,Varavīksnes g. 8,3,63.0,5/9,602.,500.0,56.9521953,24.2048373,934.0,7.936507936507937
562,centrs,Ganu 3,2,54.0,2/3,Specpr.,230.0,56.9619549,24.109404,1041.0,4.2592592592592595
565,Purvciems,Ieriķu 29,2,45.0,3/5,LT proj.,260.0,56.96656155,24.177934,1118.0,5.777777777777778
572,Ķengarags,Ķengaraga 6c,1,20.0,3/4,Specpr.,200.0,56.91724875,24.167959715299368,486.0,10.0
576,Āgenskalns,Smiļģa 23,1,26.0,2/3,P. kara,250.0,56.939478,24.07809948486388,720.0,9.615384615384615
577,Āgenskalns,Mārupes 49,2,66.0,5/5,Specpr.,400.0,56.92754185,24.076065951756213,593.0,6.0606060606060606
581,Teika,Ūnijas 71,3,60.0,2/5,Specpr.,500.0,56.9668334,24.1739325,1117.0,8.333333333333334
583,Ziepniekkalns,Irbenes 18,1,33.0,1/1,Priv. m.,260.0,56.9135615,24.0873481,407.0,7.878787878787879
588,Imanta,Jūrmalas g. 99,2,50.0,2/9,602.,270.0,56.9529998,24.0165749,896.0,5.4
595,centrs,Strēlnieku 4b,1,32.0,1/6,Jaun.,700.0,56.9606608,24.110619826673936,1041.0,21.875
600,Zolitūde,Imantas 16. l. 7,2,61.0,7/9,119.,330.0,56.943644,24.0069862,768.0,5.409836065573771
601,centrs,Dzirnavu 110A,3,55.0,3/5,P. kara,270.0,56.94773845,24.124984679529128,855.0,4.909090909090909
605,centrs,Dzirnavu 113,3,65.0,3/5,P. kara,650.0,56.9497335,24.1258382,855.0,10.0
606,centrs,Lāčplēša 68,3,93.0,6/6,Renov.,800.0,56.9508814,24.1315182,919.0,8.602150537634408
608,Teika,Ropažu 46,2,56.0,1/3,Staļina,320.0,56.9795593,24.1765343,1243.0,5.714285714285714
611,Purvciems,Dzelzavas 15,2,42.0,5/5,Hrušč.,320.0,56.96279295,24.17122114848809,1053.0,7.619047619047619
614,centrs,Melngaiļa 2,4,153.0,3/7,Jaun.,3490.0,56.9596689,24.11637227956693,979.0,22.81045751633987
626,Āgenskalns,Kalnciema 52,2,75.0,4/4,P. kara,550.0,56.9413806,24.06144769816101,779.0,7.333333333333333
627,Daugavgrīva,Parādes 6,3,65.0,1/5,103.,250.0,57.04142625,24.030446933931533,2033.0,3.8461538461538463
628,Sarkandaugava,Alekša 7,2,40.0,3/5,P. kara,240.0,56.9929141,24.12524198732218,1422.0,6.0
642,Mežciems,Kaivas 31,3,106.0,1/4,Jaun.,950.0,56.9571247,24.2475937,1006.0,8.962264150943396
648,Ķengarags,Ikšķiles 9,1,35.0,12/10,Čehu pr.,230.0,56.90276915,24.20687335276829,304.0,6.571428571428571
658,Āgenskalns,Baložu 28,1,30.0,1/3,P. kara,200.0,56.9479985,24.0700651,844.0,6.666666666666667
659,Purvciems,Dzelzavas 19,2,41.0,2/5,Hrušč.,320.0,56.9620095,24.17275955965411,1054.0,7.804878048780488
663,centrs,Dzirnavu 70,3,83.0,5/5,P. kara,530.0,56.95262605,24.121847756445337,917.0,6.385542168674699
664,centrs,Ausekļa 3,2,50.0,2/5,P. kara,450.0,56.9600455,24.099762636653608,976.0,9.0
665,Jugla,Juglas 2E,4,129.0,3/7,Specpr.,480.0,56.9887684,24.2452953,1383.0,3.7209302325581395
673,centrs,Bruņinieku 81,5,117.0,3/5,P. kara,580.0,56.961172,24.1229335,1044.0,4.957264957264957
675,centrs,Dzirnavu 113A,2,59.0,3/6,Renov.,430.0,56.9497335,24.1258382,855.0,7.288135593220339
679,Āgenskalns,Bāriņu 1B,1,22.0,3/4,M. ģim.,300.0,56.9371842,24.07879342195534,720.0,13.636363636363637
687,Teika,Raunas 39,1,30.0,1/5,Hrušč.,210.0,56.96815665,24.18065404135669,1118.0,7.0
690,Teika,Zemgala 80,2,62.0,10/12,Jaun.,670.0,56.9777452,24.16604241357143,1241.0,10.806451612903226
696,centrs,Lāčplēša 48,3,60.0,3/6,P. kara,550.0,56.9525541,24.1284324,919.0,9.166666666666666
700,Iļģuciems,Motoru 5,2,50.0,5/4,LT proj.,300.0,56.9695545,24.066990643941864,1095.0,6.0
701,Purvciems,Žagatu 20A,2,50.0,9/9,602.,380.0,56.96300185,24.18737805586649,1057.0,7.6
702,Pļavnieki,Deglava 156,2,50.0,8/9,602.,300.0,56.9442109,24.21942626181466,811.0,6.0
709,Āgenskalns,Kristapa 26,2,46.0,5/5,Hrušč.,330.0,56.94560915,24.068014401385486,844.0,7.173913043478261
711,Teika,Brīvības 314,2,50.0,2/4,P. kara,420.0,56.9791638,24.1868967,1245.0,8.4
714,centrs,Brīvības 73,3,88.0,4/4,P. kara,500.0,56.9588872,24.1255199,981.0,5.681818181818182
722,Aplokciems,Krapes 8,2,45.0,2/3,Jaun.,550.0,57.0235282,24.1445824,1804.0,12.222222222222221
723,Zolitūde,Bieziņa 9,1,46.0,4/9,119.,350.0,56.94541315,24.021306875451987,771.0,7.608695652173913
726,centrs,Citadeles 6,3,95.0,3/3,Jaun.,1300.0,56.9541423,24.101194963361763,913.0,13.68421052631579
727,centrs,Bruņinieku 28,3,80.0,6/6,P. kara,1000.0,56.9559254,24.1318982,982.0,12.5
740,Mežciems,Mežciema 23,1,49.0,2/16,104.,200.0,56.971605,24.2340818,1192.0,4.081632653061225
743,Jugla,Brīvības 358,2,54.0,4/4,Staļina,330.0,56.9907911,24.2466615,1446.0,6.111111111111111
748,Āgenskalns,Kristapa 12,1,30.0,1/5,Hrušč.,230.0,56.9437257,24.061830277573904,779.0,7.666666666666667
754,Torņakalns,Olīvu 5,1,22.0,2/3,Renov.,320.0,56.9245862,24.087002604527846,532.0,14.545454545454545
757,Āgenskalns,Ventspils 63c,3,28.0,2/3,Jaun.,360.0,56.9336763,24.0691686,655.0,12.857142857142858
758,Āgenskalns,Ventspils 63c,1,22.0,3/3,Jaun.,325.0,56.9336763,24.0691686,655.0,14.772727272727273
765,centrs,Ģertrūdes 60,3,89.0,2/6,P. kara,350.0,56.951654,24.1326885,920.0,3.932584269662921
772,Sarkandaugava,Hāpsalas 12,1,23.0,1/3,Renov.,200.0,57.0001777,24.1220278,1484.0,8.695652173913043
779,centrs,Barona 15,3,73.0,5/6,Renov.,1124.0,56.9521532,24.1228046,918.0,15.397260273972602
782,centrs,Brīvības 95,2,48.0,1/7,Renov.,500.0,56.96131475,24.131717044166592,1045.0,10.416666666666666
783,Purvciems,Dzelzavas 19,2,73.0,6/6,Jaun.,600.0,56.9620095,24.17275955965411,1054.0,8.219178082191782
790,Purvciems,Staiceles 19,1,30.0,5/5,LT proj.,200.0,56.95720875,24.17357627586922,991.0,6.666666666666667
795,centrs,Dzirnavu 13,3,75.0,3/4,Specpr.,750.0,56.96075425,24.10904625,1041.0,10.0
798,centrs,Ģertrūdes 60,2,59.0,5/6,P. kara,300.0,56.951654,24.1326885,920.0,5.084745762711864
816,Imanta,Slokas 199,2,49.0,5/9,602.,350.0,56.963222,24.014873192802177,1022.0,7.142857142857143
823,centrs,Barona 6,2,36.0,2/5,Renov.,699.0,56.9499451,24.119208171864305,854.0,19.416666666666668
834,centrs,Tomsona 30,3,83.0,4/7,Jaun.,750.0,56.9665863,24.1282258,1108.0,9.036144578313253
836,Mežciems,Hipokrāta 45,2,53.0,7/9,602.,220.0,56.96054675,24.236016453218987,1066.0,4.150943396226415
837,Purvciems,Dzelzavas 15,1,32.0,4/5,Hrušč.,350.0,56.96279295,24.17122114848809,1053.0,10.9375
838,Pļavnieki,Dravnieku 2,1,45.0,3/9,104.,270.0,56.9435605,24.20992315,809.0,6.0
841,centrs,Ģertrūdes 37,5,120.0,4/5,P. kara,650.0,56.9549482,24.127469977868387,919.0,5.416666666666667
845,centrs,Lāčplēša 51,4,110.0,4/6,P. kara,850.0,56.9524456,24.1295058,919.0,7.7272727272727275
851,Ziepniekkalns,Bērzupes 13,1,31.0,3/5,Hrušč.,380.0,56.91654005,24.092825,471.0,12.258064516129032
858,Teika,Ropažu 22,1,30.0,5/5,Hrušč.,300.0,56.9776761,24.1719745,1242.0,10.0
859,centrs,Rūpniecības 11,2,75.0,4/6,Renov.,1100.0,56.9608302,24.1030076,1040.0,14.666666666666666
885,centrs,Baznīcas 26A,3,98.0,6/6,Renov.,800.0,56.9585108,24.122897820107795,981.0,8.16326530612245
890,centrs,Rūpniecības 21,3,95.0,3/7,Jaun.,900.0,56.9660465,24.1019662,1102.0,9.473684210526315
894,Šampēteris-Pleskodāle,Ventspils 65,2,30.0,3/3,Specpr.,250.0,56.9352208,24.0425416,650.0,8.333333333333334
897,Teika,Biķernieku 35,1,26.0,2/2,P. kara,250.0,56.9707968,24.176503563556604,1180.0,9.615384615384615
909,centrs,Brīvības 110,5,124.0,4/6,P. kara,720.0,56.9615596,24.134123,1046.0,5.806451612903226
912,Jugla,Veldres 5,2,45.0,1/5,LT proj.,270.0,56.9773867,24.24515555,1257.0,6.0
918,centrs,Brīvības 179,2,39.0,6/6,Renov.,360.0,56.9537963,24.117328,917.0,9.23076923076923
925,centrs,Rūpniecības 22,3,100.0,7/7,Specpr.,1200.0,56.961440800000005,24.10364513737165,1040.0,12.0
926,Mežciems,Kaivas 31/3,2,60.0,3/4,Jaun.,500.0,56.9571247,24.2475937,1006.0,8.333333333333334
931,Mežciems,Kaivas 50/5,2,53.0,3/5,Jaun.,450.0,56.9571247,24.2475937,1006.0,8.49056603773585
940,centrs,Matīsa 80,1,25.0,3/6,P. kara,280.0,56.9564621,24.134618,983.0,11.2
941,Purvciems,Žagatu 6,3,98.0,7/9,Jaun.,700.0,56.964910450000005,24.18440476903595,1056.0,7.142857142857143
948,Imanta,Kleistu 11,4,180.0,16/16,Jaun.,1200.0,56.96325465,24.02210360870407,1023.0,6.666666666666667
949,Pļavnieki,Rembates 8,3,77.0,3/10,Jaun.,800.0,56.94077425,24.230074618165425,813.0,10.38961038961039
950,Jugla,Pāles 11,1,32.0,1/2,Jaun.,400.0,56.9861877,24.245519555,1383.0,12.5
951,centrs,Brīvības 46,5,180.0,4/6,Renov.,2950.0,56.9553029,24.1198413,917.0,16.38888888888889
953,centrs,Blaumaņa 5,5,117.0,1/5,Renov.,900.0,56.9550369,24.1223636,918.0,7.6923076923076925
958,Mežciems,Hipokrāta 17,2,53.0,9/9,602.,370.0,56.96614445,24.23733730225384,1130.0,6.981132075471698
969,Purvciems,Ieriķu 60,3,61.0,3/9,Specpr.,400.0,56.96518825,24.18607691219764,1056.0,6.557377049180328
987,Ķengarags,Maskavas 411,1,31.0,3/5,LT proj.,320.0,56.89990005,24.20486065,241.0,10.32258064516129
989,Jugla,Vangažu 7,1,43.0,2/12,Specpr.,200.0,56.9871937,24.2275114,1380.0,4.651162790697675
1002,Mežciems,Kaivas 33,2,64.0,2/4,Jaun.,580.0,56.9571247,24.2475937,1006.0,9.0625
1003,centrs,Vesetas 28,1,31.0,2/6,Hrušč.,200.0,56.9638272,24.1219347,1043.0,6.451612903225806
1014,centrs,Mālpils 2a,1,30.0,4/5,Hrušč.,350.0,56.9661797,24.1260801,1107.0,11.666666666666666
1015,Pļavnieki,Rudens 10,1,37.0,9/9,602.,320.0,56.93775,24.200364407988285,744.0,8.64864864864865
1017,Pļavnieki,Deglava 61,1,38.0,1/9,119.,250.0,56.9449622,24.2172449,810.0,6.578947368421052
1021,Ķengarags,Ikšķiles 7,2,39.0,2/5,LT proj.,250.0,56.9029905,24.20556722368033,304.0,6.410256410256411
1025,centrs,Miera 5,3,73.0,2/6,P. kara,750.0,56.9605921,24.1292334,1045.0,10.273972602739725
1026,Āgenskalns,Kalnciema 1,1,28.0,5/5,Hrušč.,230.0,56.9455951,24.0773867,846.0,8.214285714285714
1028,centrs,Avotu 76,2,55.0,2/3,Renov.,350.0,56.9532872,24.1467287,922.0,6.363636363636363
1038,Teika,Brīvības 215,2,40.0,2/4,Renov.,550.0,56.975238,24.172448948187675,1180.0,13.75
1039,Grīziņkalns,Pērnavas 35,1,22.0,4/4,P. kara,160.0,56.95597335,24.1533550823554,987.0,7.2727272727272725
1041,Imanta,Dammes 40,1,32.0,6/12,602.,330.0,56.96480225,24.01540034907656,1022.0,10.3125
1047,Mežaparks,Ķempes 7,2,50.0,3/9,Specpr.,320.0,56.99493145,24.16819210671665,1431.0,6.4
1048,Zolitūde,Ruses 14,3,79.0,2/9,119.,600.0,56.9472328,24.00428119416181,831.0,7.594936708860759
1060,centrs,Brīvības 102,3,66.0,3/5,P. kara,470.0,56.9611091,24.1332306,1046.0,7.121212121212121
1079,Sarkandaugava,Sarkandaugavas 11,2,42.0,4/5,Hrušč.,290.0,56.99898215,24.12328767499813,1485.0,6.904761904761905
1095,Iļģuciems,Dzirciema 24a,1,43.0,2/5,M. ģim.,225.0,56.9654495,24.0569372,1030.0,5.232558139534884
1096,centrs,Čaka 130A,1,32.0,1/5,P. kara,320.0,56.9513692,24.127201,918.0,10.0
1097,centrs,Brīvības 112,2,67.0,2/6,P. kara,320.0,56.96165695,24.13460929754464,1046.0,4.776119402985074
1108,centrs,Čaka 31,2,58.0,3/5,P. kara,400.0,56.951845,24.1269283,918.0,6.896551724137931
1114,centrs,Tallinas 35,2,50.0,3/5,P. kara,550.0,56.9624912,24.13831886843282,1047.0,11.0
1115,Imanta,Slokas 130A/1,2,56.0,7/8,Jaun.,550.0,56.961725,24.0431452,1028.0,9.821428571428571
1117,centrs,Matīsa 59,1,25.0,4/5,P. kara,250.0,56.95442225,24.13942675,921.0,10.0
1126,Bolderāja,Kvarca 3,1,19.0,1/2,Renov.,200.0,57.02894,24.040738724341587,1846.0,10.526315789473685
1128,Iļģuciems,Vaidelotes 21,2,42.0,1/5,Hrušč.,250.0,56.96737265,24.0493642777324,1092.0,5.9523809523809526
1133,Jugla,Juglas 23,2,47.0,5/5,Hrušč.,330.0,56.98386715,24.24852793688924,1321.0,7.0212765957446805
1136,centrs,Barona 10,3,85.0,5/5,P. kara,650.0,56.9502301,24.1195455,854.0,7.647058823529412
1139,Imanta,Dammes 11,2,50.0,4/9,602.,270.0,56.9615604,24.011811415811447,1021.0,5.4
1142,centrs,Barona 10,2,60.0,5/5,P. kara,450.0,56.9502301,24.1195455,854.0,7.5
1144,centrs,Brīvības 108,1,37.0,5/6,P. kara,380.0,56.96145645,24.133971103487063,1046.0,10.27027027027027
1145,Torņakalns,Satiksmes 3,2,56.0,5/6,Jaun.,550.0,56.9271709,24.0923985,597.0,9.821428571428571
1157,Ķengarags,Pelnu 1,2,50.0,3/9,467.,260.0,56.9080231,24.199092101750992,366.0,5.2
1171,centrs,Lāčplēša 43/45,2,55.0,3/6,P. kara,500.0,56.9528912,24.12876676327121,919.0,9.090909090909092
1173,centrs,Bruņinieku 115B,1,45.0,3/5,Renov.,180.0,56.961172,24.1229335,1044.0,4.0
1177,Ziepniekkalns,Skaistkalnes 17,3,55.0,3/5,Jaun.,550.0,56.9148436,24.101803762989245,409.0,10.0
1181,Teika,Ropažu 16a,2,44.0,1/5,Jaun.,650.0,56.97715395,24.168983121710685,1242.0,14.772727272727273
1187,Imanta,Anniņmuižas 13,5,183.0,11/12,Jaun.,1100.0,56.9573992,24.0237329,961.0,6.0109289617486334
1203,Ķengarags,Maskavas 250,2,39.0,2/5,LT proj.,350.0,56.9184658,24.17248013013156,487.0,8.974358974358974
1204,centrs,Bruņinieku 115A,1,20.0,2/5,Renov.,150.0,56.961172,24.1229335,1044.0,7.5
1206,centrs,Jeruzalemes 1,3,110.0,5/6,Jaun.,1500.0,56.95751385,24.11291667501842,979.0,13.636363636363637
1210,Sarkandaugava,Hāpsalas 12,1,24.0,3/3,Renov.,220.0,57.0001777,24.1220278,1484.0,9.166666666666666
1211,centrs,Bruņinieku 115,2,38.0,1/4,Renov.,325.0,56.961172,24.1229335,1044.0,8.552631578947368
1219,centrs,Lenču 2,2,57.0,6/6,P. kara,450.0,56.9616145,24.1100341,1041.0,7.894736842105263
1228,centrs,Baznīcas 45,3,77.0,4/5,P. kara,800.0,56.9599931,24.1244665,981.0,10.38961038961039
1231,centrs,Stabu 46,3,83.0,4/6,P. kara,810.0,56.9543322,24.1313043698515,919.0,9.759036144578314
1232,Teika,Vidrižu 4,1,44.0,8/9,Čehu pr.,300.0,56.9788671,24.1774824079002,1244.0,6.818181818181818
1237,Iļģuciems,Daugavgrīvas 132,2,58.0,3/5,Staļina,300.0,56.96895055,24.07125109079925,1096.0,5.172413793103448
1238,Ziepniekkalns,Bauskas 149,2,50.0,1/3,Staļina,250.0,56.9137741,24.1192507,413.0,5.0
1248,Teika,Ropažu 17,1,29.0,1/3,Renov.,350.0,56.97693595,24.171783011498825,1242.0,12.068965517241379
1257,Vecmīlgrāvis,Meldru 4,2,40.0,3/5,Hrušč.,180.0,57.0278589,24.1029177,1859.0,4.5
1268,Teika,Āraišu 36,3,78.0,3/7,Jaun.,650.0,56.97270485,24.172189301531827,1179.0,8.333333333333334
1272,Āgenskalns,Raņķa d. 34,3,93.0,6/24,Jaun.,1200.0,56.9450949,24.0837011,784.0,12.903225806451612
1275,Ķengarags,Maskavas 250,2,42.0,4/5,Hrušč.,275.0,56.9184658,24.17248013013156,487.0,6.5476190476190474
1276,Imanta,Anniņmuižas 88,1,33.0,2/9,467.,300.0,56.95415845,24.00718707797556,894.0,9.090909090909092
1277,Imanta,Tālavas g. 9,1,30.0,3/5,LT proj.,180.0,56.9559168,24.0005253,956.0,6.0
1285,Vecrīga,Pils 9,3,66.0,2/4,P. kara,450.0,56.95009995,24.10217903884851,850.0,6.818181818181818
1295,Ķengarags,Prūšu 4,2,40.0,1/5,Jaun.,400.0,56.9146815,24.18146133464188,425.0,10.0
1301,centrs,Republikas laukums 3,3,65.0,3/6,Jaun.,650.0,56.9555576,24.0996114,976.0,10.0
1302,Āgenskalns,Talsu 30,3,70.0,1/3,P. kara,500.0,56.93797205,24.068016952798708,718.0,7.142857142857143
1309,centrs,Elizabetes 21A,3,80.0,4/5,Renov.,1650.0,56.9586159,24.106666551239307,977.0,20.625
1325,Iļģuciems,Daugavgrīvas 132,2,51.0,4/4,Staļina,300.0,56.96895055,24.07125109079925,1096.0,5.882352941176471
1336,centrs,Blaumaņa 12,2,44.0,2/6,Renov.,700.0,56.9594823,24.1085076,978.0,15.909090909090908
1344,Jugla,Veldres 1,2,47.0,4/5,Hrušč.,180.0,56.97893865,24.24650535178751,1257.0,3.8297872340425534
1350,Imanta,Dammes 4,1,32.0,4/9,602.,200.0,56.96173755,24.01580305572784,1022.0,6.25
1351,Vecrīga,13. janvāra 21,2,59.0,2/7,Jaun.,700.0,56.9453293,24.1118457,789.0,11.864406779661017
1353,centrs,Republikas laukums 3,2,60.0,3/6,Jaun.,750.0,56.9555576,24.0996114,976.0,12.5
1354,Jugla,Juglas 35,2,47.0,4/5,LT proj.,320.0,56.9808588,24.252113700339248,1321.0,6.808510638297872
1364,centrs,Skolas 25,3,68.0,2/6,P. kara,400.0,56.9592318,24.1210278,980.0,5.882352941176471
1371,Šampēteris-Pleskodāle,Lielirbes 11,2,68.0,15/24,Jaun.,500.0,56.9348241,24.0428561,650.0,7.352941176470588
1374,Āgenskalns,Kuģu 22,1,31.0,1/4,Hrušč.,250.0,56.9425517,24.09488757477299,786.0,8.064516129032258
1376,Dārzciems,Dārzciema 58,1,35.0,1/5,LT proj.,200.0,56.9405385,24.1814361,803.0,5.714285714285714
1377,Dārzciems,Zeltiņu 58,2,35.0,1/5,LT proj.,200.0,56.9459879,24.17708565,865.0,5.714285714285714
1379,Āgenskalns,Mārupes 5,2,49.0,4/4,P. kara,250.0,56.9346187,24.07088486151752,655.0,5.1020408163265305
1381,Sarkandaugava,Lāpstu 15,1,34.0,4/5,103.,160.0,57.0018274,24.122594183337768,1548.0,4.705882352941177
1382,centrs,Tērbatas 20,2,46.0,1/6,P. kara,220.0,56.9540762,24.1222464,917.0,4.782608695652174
1388,Pļavnieki,Dzeņu 7,1,39.0,3/9,Specpr.,250.0,56.94071785,24.212607670668174,810.0,6.410256410256411
1407,Teika,Bērzpils 7,2,42.0,5/5,Hrušč.,320.0,56.9792925,24.1737087,1243.0,7.619047619047619
1410,Iļģuciems,Stūres 2,1,18.0,4/5,M. ģim.,135.0,56.9692203,24.069493731814187,1096.0,7.5
1418,Ķengarags,Višķu 15,2,43.0,1/5,Hrušč.,240.0,56.90015325,24.211925772526392,242.0,5.5813953488372094
1425,Bieriņi,Īves 3,2,37.0,1/3,Renov.,380.0,56.9244716,24.07403805718668,530.0,10.27027027027027
1443,Torņakalns,Jelgavas 8/12,1,16.0,4/6,Jaun.,399.0,56.9392607,24.0963598,723.0,24.9375
1445,Torņakalns,Vienības g. 83,2,44.0,1/2,Specpr.,430.0,56.9228443,24.0894133,533.0,9.772727272727273
1450,Ķengarags,Ķengaraga 10,2,36.0,4/5,Jaun.,420.0,56.9164136,24.16500416715885,485.0,11.666666666666666
1452,Ķengarags,Ķengaraga 10,1,32.0,3/5,Jaun.,380.0,56.9164136,24.16500416715885,485.0,11.875
1455,Purvciems,Ilūkstes 54,1,38.0,5/5,M. ģim.,200.0,56.9502634,24.1981767,870.0,5.2631578947368425
1456,centrs,Strēlnieku 17,2,45.0,1/5,P. kara,550.0,56.9609729,24.1106765,1041.0,12.222222222222221
1457,Vecmīlgrāvis,Atlantijas 12,2,52.0,3/5,103.,385.0,57.0379676,24.088619854630128,1982.0,7.403846153846154
1469,Šampēteris-Pleskodāle,Lielirbes 13,2,69.0,12/30,Jaun.,520.0,56.9348241,24.0428561,650.0,7.536231884057971
1485,centrs,Tērbatas 26,2,38.0,4/7,Renov.,600.0,56.9545197,24.1232518,918.0,15.789473684210526
1493,centrs,Eksporta 8,4,260.0,2/3,Renov.,3000.0,56.9541719,24.0974382,913.0,11.538461538461538
1505,Teika,Brīvības 211,2,56.0,4/5,Staļina,300.0,56.9747923,24.1710199,1179.0,5.357142857142857
1513,centrs,Tomsona 20,3,65.0,1/6,P. kara,550.0,56.9646978,24.126076581383288,1044.0,8.461538461538462
1514,Vecrīga,Vaļņu 3,1,32.0,2/6,P. kara,350.0,56.9505298,24.1094676,915.0,10.9375
1526,Purvciems,Dzelzavas 13,2,42.0,5/5,Hrušč.,200.0,56.9636785,24.170616738324554,1053.0,4.761904761904762
1527,centrs,Ģertrūdes 91a,1,18.0,4/5,Staļina,180.0,56.9582121,24.1213972,980.0,10.0
1529,centrs,Merķeļa 17/19,2,68.0,4/5,Renov.,950.0,56.9514182,24.1161364,916.0,13.970588235294118
1532,centrs,Tallinas 41,1,31.0,1/2,P. kara,260.0,56.96204465,24.139044350705426,1047.0,8.387096774193548
1533,centrs,Lāčplēša 53,2,39.0,3/5,P. kara,600.0,56.9523213,24.130212963747603,919.0,15.384615384615385
1535,Imanta,Dammes 8,2,50.0,5/9,602.,300.0,56.96236015,24.013446657655777,1022.0,6.0
1537,centrs,Blaumaņa 9,2,50.0,4/6,Renov.,800.0,56.9539256,24.1237609,918.0,16.0
1542,Vecrīga,13. janvāra 21,2,54.0,3/7,Jaun.,700.0,56.9453293,24.1118457,789.0,12.962962962962964
1560,Imanta,Anniņmuižas 41,3,67.0,8/24,Jaun.,670.0,56.95953765,24.014751879344857,959.0,10.0
1563,Imanta,Dammes 8,1,33.0,8/9,602.,250.0,56.96236015,24.013446657655777,1022.0,7.575757575757576
1566,Dārzciems,Stopiņu 30,2,50.0,2/2,Staļina,400.0,56.94804825,24.17486545,865.0,8.0
1567,centrs,Stabu 52,1,25.0,1/6,P. kara,200.0,56.9537909,24.1333538,920.0,8.0
1573,Ziepniekkalns,Ozolciema 54,1,38.0,8/9,Specpr.,300.0,56.9014359,24.099839559680586,283.0,7.894736842105263
1579,centrs,Valdemāra 147k1,2,57.0,3/6,Hrušč.,450.0,56.9565184,24.1138584,979.0,7.894736842105263
1588,Vecrīga,Kalēju 49,1,28.0,2/5,Renov.,510.0,56.9462795,24.11269976693574,853.0,18.214285714285715
1590,Sarkandaugava,Hāpsalas 1/1,2,65.0,2/5,Jaun.,460.0,57.0027811,24.1212961,1547.0,7.076923076923077
1595,Bolderāja,Lielupes 1/12,2,43.0,3/4,Hrušč.,250.0,57.0327201,24.058551,1913.0,5.813953488372093
1607,Teika,Biķernieku 32,2,45.0,2/3,P. kara,349.0,56.96964215,24.1858559294012,1119.0,7.7555555555555555
1609,Purvciems,Ūnijas 67,3,79.0,2/6,Jaun.,790.0,56.965116,24.1777133135933,1055.0,10.0
1617,centrs,Dzirnavu 27,2,41.0,1/4,Renov.,600.0,56.95947175,24.11148965,978.0,14.634146341463415
1624,centrs,Rūpniecības 27,2,57.0,2/6,Jaun.,940.0,56.9663415,24.10326172386397,1103.0,16.49122807017544
1626,centrs,Dzirnavu 27,3,64.0,4/4,Renov.,850.0,56.95947175,24.11148965,978.0,13.28125
1641,centrs,Valdemāra 106,4,300.0,7/7,Specpr.,2000.0,56.9565184,24.1138584,979.0,6.666666666666667
1642,Grīziņkalns,Tallinas 61A,2,60.0,2/5,P. kara,350.0,56.9592337,24.144288100000004,985.0,5.833333333333333
1651,centrs,Dzirnavu 83,3,134.0,7/7,Jaun.,2500.0,56.95355435,24.122246109100512,917.0,18.65671641791045
1662,centrs,Birznieka-Upīša 23,1,18.0,3/3,P. kara,180.0,56.9487525,24.1248249,855.0,10.0
1670,Ziepniekkalns,Bātas 3A,3,115.0,2/3,Jaun.,1100.0,56.90785995,24.085734,343.0,9.565217391304348
1671,Jugla,Salamandras 3,1,41.0,7/8,467.,180.0,56.99337045,24.23004734367515,1443.0,4.390243902439025
1675,Vecmīlgrāvis,Vecmīlgrāvja 17k3,1,30.0,4/4,Renov.,300.0,57.0307417,24.0999936,1921.0,10.0
1676,Teika,Laimdotas 24,1,29.0,2/2,P. kara,260.0,56.97113735000001,24.18812661137705,1183.0,8.96551724137931
1677,Teika,Laimdotas 24,2,46.0,2/2,P. kara,360.0,56.97113735000001,24.18812661137705,1183.0,7.826086956521739
1686,Ķengarags,Maskavas 170,1,35.0,2/12,Čehu pr.,220.0,56.8997798,24.2039578,241.0,6.285714285714286
1694,Jugla,Vidzemes al. 7,1,36.0,7/12,Čehu pr.,270.0,56.9925634,24.2424634,1446.0,7.5
1702,Vecmīlgrāvis,Skuju 29,2,37.0,2/4,Staļina,335.0,57.03518385,24.10842645827041,1923.0,9.054054054054054
1703,Vecmīlgrāvis,Skuju 29,1,20.0,4/4,Staļina,215.0,57.03518385,24.10842645827041,1923.0,10.75
1708,Āgenskalns,Kalnciema 31,2,43.0,1/2,P. kara,320.0,56.9434654,24.0679792,781.0,7.441860465116279
1714,Mežaparks,Ķempes 11,2,48.0,2/12,Specpr.,400.0,56.9955802,24.17058349148753,1494.0,8.333333333333334
1719,Purvciems,Dzelzavas 90,3,54.0,5/5,LT proj.,330.0,56.9536439,24.20728916917764,934.0,6.111111111111111
1728,centrs,Bruņinieku 47,1,25.0,1/6,P. kara,450.0,56.95569875,24.13308654872702,983.0,18.0
1731,Zolitūde,Ruses 12,1,42.0,6/9,119.,250.0,56.94685365,24.002955937413645,831.0,5.9523809523809526
1736,Iļģuciems,Stūres 2,1,18.0,5/5,M. ģim.,110.0,56.9692203,24.069493731814187,1096.0,6.111111111111111
1738,Ķengarags,Maskavas 291,2,42.0,1/5,LT proj.,400.0,56.916837,24.177017504564,487.0,9.523809523809524
1740,Ziepniekkalns,Ozolciema 54,1,40.0,3/7,M. ģim.,250.0,56.9014359,24.099839559680586,283.0,6.25
1746,Imanta,Kleistu 6,1,31.0,3/3,LT proj.,250.0,56.9603664,24.02378672059732,961.0,8.064516129032258
1747,Purvciems,Zvaigznāja g. 14,1,14.0,3/5,Hrušč.,180.0,56.9528067,24.2062064,934.0,12.857142857142858
1757,Teika,Biķernieku 67,2,39.0,4/5,Hrušč.,395.0,56.9692686,24.1848036,1119.0,10.128205128205128
1764,Pļavnieki,Salnas 14,3,63.0,8/9,602.,350.0,56.94212835,24.223040747717693,812.0,5.555555555555555
1769,Mežciems,Biķernieku 160,3,70.0,2/5,Jaun.,650.0,56.9599931,24.2286894,1002.0,9.285714285714286
1773,Āgenskalns,Nometņu 23,1,28.0,2/4,P. kara,200.0,56.94143795,24.07547891576896,782.0,7.142857142857143
1776,centrs,Skanstes 29,4,110.0,6/25,Jaun.,1200.0,56.9627217,24.1133633,1042.0,10.909090909090908
1777,Āgenskalns,Nometņu 23,2,47.0,4/4,P. kara,300.0,56.94143795,24.07547891576896,782.0,6.382978723404255
1779,Ķengarags,Maskavas 267a,2,37.0,2/5,LT proj.,250.0,56.92039,24.17307865,487.0,6.756756756756757
1783,Vecmīlgrāvis,Vijolīšu 6,1,43.0,1/5,M. ģim.,240.0,57.0350429,24.0944356,1920.0,5.5813953488372094
1790,Iļģuciems,Lilijas 15A,2,45.0,4/5,Hrušč.,265.0,56.96441125,24.065978379311773,1032.0,5.888888888888889
1792,Teika,Raunas 19/1,1,34.0,4/5,103.,300.0,56.9699511,24.1714582,1116.0,8.823529411764707
1793,Āgenskalns,Alīses 8,2,46.0,3/5,103.,380.0,56.94661035,24.06661739665872,843.0,8.26086956521739
1795,centrs,Valdemāra 94,2,72.0,5/10,Specpr.,850.0,56.9565184,24.1138584,979.0,11.805555555555555
1800,centrs,Blaumaņa 36,1,35.0,1/5,P. kara,400.0,56.95172905,24.125814894424444,918.0,11.428571428571429
1808,Mežciems,Celmu 8,1,28.0,1/5,LT proj.,250.0,56.97352625,24.235796,1192.0,8.928571428571429
1809,Šampēteris-Pleskodāle,Šampētera 95,5,153.0,2/3,Renov.,1300.0,56.9404991,24.0330913,711.0,8.49673202614379
1810,Āgenskalns,Kristapa 8,1,18.0,4/4,Hrušč.,350.0,56.9428655,24.060963208642875,779.0,19.444444444444443
1811,Teika,Biķernieku 79,2,49.0,3/5,Specpr.,300.0,56.96861735,24.188852691756345,1120.0,6.122448979591836
1817,Ķengarags,Maskavas 291,3,60.0,4/9,LT proj.,370.0,56.916837,24.177017504564,487.0,6.166666666666667
1820,Bolderāja,Lielupes 66,3,62.0,5/5,LT proj.,300.0,57.0310692,24.05635,1912.0,4.838709677419355
1821,Ķengarags,Višķu 13,3,62.0,4/5,LT proj.,260.0,56.8999122,24.212410100000007,243.0,4.193548387096774
1823,centrs,Stabu 15,2,52.0,4/5,P. kara,400.0,56.9587074,24.1237749,981.0,7.6923076923076925
1824,centrs,Elizabetes 63,5,160.0,4/6,Renov.,1900.0,56.9531617,24.119692,917.0,11.875
1825,centrs,Dzirnavu 13,3,78.0,3/4,Jaun.,650.0,56.96075425,24.10904625,1041.0,8.333333333333334
1827,Bolderāja,Stūrmaņu 25,1,27.0,1/1,Renov.,200.0,57.0334421,24.0503332,1911.0,7.407407407407407
1828,Dārzciems,Zeltiņu 58,1,43.0,3/5,M. ģim.,270.0,56.9459879,24.17708565,865.0,6.27906976744186
1833,Šampēteris-Pleskodāle,Lielirbes 13,3,128.0,29/30,Jaun.,1500.0,56.9348241,24.0428561,650.0,11.71875
1835,Šampēteris-Pleskodāle,Lielirbes 13,3,92.0,5/30,Jaun.,750.0,56.9348241,24.0428561,650.0,8.152173913043478
1843,Mežciems,Eizenšteina 17,1,27.0,2/5,LT proj.,330.0,56.9736164,24.22713069869932,1190.0,12.222222222222221
1844,centrs,Matīsa 91,1,27.0,2/5,P. kara,280.0,56.9564621,24.134618,983.0,10.37037037037037
1846,centrs,Brīvības 121,2,80.0,3/5,P. kara,500.0,56.9633368,24.1369221,1046.0,6.25
1853,Vecrīga,Vecpilsētas 12,2,27.0,3/5,Renov.,520.0,56.9461669,24.1124689,853.0,19.25925925925926
1854,Šampēteris-Pleskodāle,Lielirbes 13,3,130.0,29/30,Jaun.,1500.0,56.9348241,24.0428561,650.0,11.538461538461538
1856,centrs,Valdemāra 34,3,81.0,3/5,Renov.,880.0,56.9588195,24.1185086,980.0,10.864197530864198
1863,Purvciems,Nīcgales 4,1,36.0,1/9,602.,200.0,56.95855125,24.175387470071428,991.0,5.555555555555555
1867,Mežaparks,Viestura pr. 69,3,55.0,5/5,Hrušč.,550.0,56.9972712,24.1336582,1487.0,10.0
1870,Āgenskalns,Mārupes 39,1,11.0,4/5,Hrušč.,100.0,56.92740745,24.0753455131304,593.0,9.090909090909092
1871,Mežaparks,Ščecinas 2,4,89.0,1/3,P. kara,900.0,56.99722965,24.16058684977348,1492.0,10.112359550561798
1874,Šampēteris-Pleskodāle,Lielirbes 13,2,68.0,11/30,Jaun.,500.0,56.9348241,24.0428561,650.0,7.352941176470588
1888,centrs,Stabu 115,1,30.0,4/4,Hrušč.,230.0,56.9599606,24.1209763,980.0,7.666666666666667
1892,Ķengarags,Maskavas 281,2,47.0,2/12,Specpr.,300.0,56.9183912,24.17392777826336,487.0,6.382978723404255
1897,Sarkandaugava,Duntes 48,1,25.0,5/3,P. kara,220.0,56.99189845,24.1276669239564,1423.0,8.8
1905,Torņakalns,Konrāda 8,1,25.0,1/2,P. kara,140.0,56.92728475,24.0958845,597.0,5.6
1913,Vecrīga,Bīskapa gāte 3,3,84.0,4/5,Staļina,550.0,56.948717,24.102601427641872,851.0,6.5476190476190474
1916,centrs,Bruņinieku 82,1,15.0,2/2,P. kara,260.0,56.961172,24.1229335,1044.0,17.333333333333332
1926,Ziepniekkalns,Vadakstes 20,1,33.0,1/5,Hrušč.,280.0,56.9134789,24.09573874199257,408.0,8.484848484848484
1928,Imanta,Anniņmuižas 43,1,39.0,9/24,Jaun.,35.0,56.9589929,24.01397786996067,959.0,0.8974358974358975
1930,Imanta,Rigondas g. 3,1,34.0,8/12,Čehu pr.,330.0,56.9648381,24.0191151,1023.0,9.705882352941176
1932,centrs,Lāčplēša 53,1,21.0,4/6,Renov.,250.0,56.9523213,24.130212963747603,919.0,11.904761904761905
1940,centrs,Eksporta 10,2,50.0,4/5,Staļina,450.0,56.9593516,24.0983542,976.0,9.0
1946,Purvciems,Vaidavas 13,4,60.0,5/5,LT proj.,450.0,56.9611219,24.178014741693545,1055.0,7.5
1948,Purvciems,Dzelzavas 97,2,50.0,1/5,LT proj.,350.0,56.95604805,24.203955,997.0,7.0
1949,Ķengarags,Prūšu 21,2,43.0,4/4,Hrušč.,270.0,56.9118027,24.1926528,428.0,6.27906976744186
1950,Čiekurkalns,Čiekurkalna 2. l. 53,2,35.0,2/4,Renov.,490.0,56.9834242,24.1592013,1303.0,14.0
1954,Pļavnieki,Saharova 15,2,56.0,11/12,104.,300.0,56.93679455,24.20183697226337,744.0,5.357142857142857
1955,Imanta,Dumbrāja 18,2,53.0,3/4,Specpr.,450.0,56.95698695,24.0186127580713,960.0,8.49056603773585
1975,Pļavnieki,Saharova 8,1,39.0,8/8,Jaun.,370.0,56.9342845,24.203376222222225,682.0,9.487179487179487
1979,Imanta,Slokas 136,4,73.0,8/9,602.,450.0,56.9636255,24.007568105050204,1021.0,6.164383561643835
1980,Teika,Brīvības 231,2,40.0,2/5,Hrušč.,250.0,56.97667875,24.176255008198623,1243.0,6.25
1985,Ziepniekkalns,Ozolciema 36,1,49.0,2/10,M. ģim.,250.0,56.90100445,24.09668742074432,282.0,5.1020408163265305
1986,centrs,Eksporta 12,3,73.0,4/6,Staļina,1400.0,56.9593516,24.0983542,976.0,19.17808219178082
1988,Purvciems,Purvciema 46,1,39.0,3/5,M. ģim.,250.0,56.95423785,24.183842,930.0,6.410256410256411
1992,Mežciems,Hipokrāta 9,2,60.0,9/16,104.,480.0,56.96758455,24.238078024789004,1130.0,8.0
1994,Pļavnieki,Deglava 152,1,32.0,6/9,602.,240.0,56.9445799,24.2139469,810.0,7.5
2001,Pļavnieki,Praulienas 8,1,36.0,6/9,602.,300.0,56.93524945,24.20762521510067,683.0,8.333333333333334
2008,Pļavnieki,Saharova 1,1,38.0,1/9,602.,268.0,56.9331038,24.20047207685665,681.0,7.052631578947368
2009,centrs,Matīsa 44,2,57.0,2/5,P. kara,390.0,56.9550059,24.1374115,921.0,6.842105263157895
2049,Vecmīlgrāvis,Emmas 28,1,25.0,3/4,Jaun.,230.0,57.03179875,24.116664434629,1924.0,9.2
2057,Šampēteris-Pleskodāle,Lielirbes 13,3,90.0,17/30,Jaun.,850.0,56.9348241,24.0428561,650.0,9.444444444444445
2059,Šampēteris-Pleskodāle,Lielirbes 13,3,90.0,20/30,Jaun.,850.0,56.9348241,24.0428561,650.0,9.444444444444445
2061,Mežciems,Biķernieku 160,3,70.0,3/4,Jaun.,700.0,56.9599931,24.2286894,1002.0,10.0
2062,Iļģuciems,Stūres 7,2,58.0,5/5,LT proj.,300.0,56.9710016,24.07009059999106,1159.0,5.172413793103448
2073,centrs,Čaka 33,2,45.0,3/5,Renov.,390.0,56.9521436,24.1276865,919.0,8.666666666666666
2079,centrs,Artilērijas 45,3,53.0,2/3,Renov.,600.0,56.9567045,24.1440934,985.0,11.320754716981131
2086,centrs,Skolas 8,2,35.0,3/3,P. kara,490.0,56.9567272,24.1171647,979.0,14.0
2088,Ķengarags,Maltas 22,2,39.0,1/1,LT proj.,260.0,56.90996685,24.18334914764629,363.0,6.666666666666667
2092,Dārzciems,Latgales 1,1,33.0,2/5,103.,200.0,56.9379039,24.187828275946643,742.0,6.0606060606060606
2108,Purvciems,Dzelzavas 37,1,35.0,3/9,602.,200.0,56.95922675,24.18208701620616,992.0,5.714285714285714
2117,centrs,Brīvības 154,3,116.0,5/6,P. kara,500.0,56.9537963,24.117328,917.0,4.310344827586207
2119,centrs,Stabu 91,1,33.0,1/5,P. kara,450.0,56.9599606,24.1209763,980.0,13.636363636363637
2140,Bolderāja,Mencu 10,2,36.0,1/1,Priv. m.,200.0,57.0351441,24.0433934,1910.0,5.555555555555555
2149,centrs,Tallinas 1,1,37.0,5/5,Jaun.,350.0,56.9641953,24.1343213,1046.0,9.45945945945946
2152,Dārzciems,Ūbeles 7,1,34.0,1/5,103.,300.0,56.9383079,24.187280668799403,741.0,8.823529411764707
2158,Pļavnieki,Jasmuižas 2,2,50.0,5/9,602.,310.0,56.9371606,24.20662177236228,745.0,6.2
2164,Teika,Ropažu 21,3,72.0,6/6,Specpr.,400.0,56.9773105,24.17357363370525,1243.0,5.555555555555555
2167,Sarkandaugava,Sarkandaugavas 3,2,43.0,4/5,Staļina,290.0,56.9963311,24.124425857814742,1485.0,6.744186046511628
2172,centrs,Elizabetes 37,3,87.0,4/4,P. kara,400.0,56.957595,24.1119264,978.0,4.597701149425287
2175,Pļavnieki,Rudens 12,3,63.0,7/9,602.,350.0,56.9368143,24.20028074315315,744.0,5.555555555555555
2186,Čiekurkalns,Čiekurkalna 1. l. 122,2,35.0,1/2,P. kara,190.0,56.9830931,24.1831432,1308.0,5.428571428571429
2197,Iļģuciems,Grīvas 17,2,42.0,5/5,Hrušč.,380.0,56.96556795,24.049298674102268,1092.0,9.047619047619047
2198,centrs,Čaka 96,2,61.0,3/5,Jaun.,750.0,56.9571813,24.13946679396369,984.0,12.295081967213115
2208,Āgenskalns,Kalnciema 101,3,63.0,5/5,Hrušč.,400.0,56.9453372,24.0731765,782.0,6.349206349206349
2214,Ziepniekkalns,Valdeķu 55,2,58.0,5/9,119.,350.0,56.9017926,24.091379200923484,281.0,6.0344827586206895
2216,centrs,Matīsa 74,1,25.0,4/5,P. kara,190.0,56.9564621,24.134618,983.0,7.6
2219,centrs,Dzirnavu 83,3,115.0,3/7,Jaun.,1950.0,56.95355435,24.122246109100512,917.0,16.956521739130434
2221,centrs,Skolas 13,2,55.0,3/6,P. kara,770.0,56.957674100000006,24.117709908653545,980.0,14.0
2225,Grīziņkalns,Artilērijas 70 A,1,23.0,1/2,P. kara,170.0,56.9545818,24.1471424,922.0,7.391304347826087
2233,centrs,Skolas 13,3,61.0,4/6,P. kara,850.0,56.957674100000006,24.117709908653545,980.0,13.934426229508198
2235,centrs,Skolas 13,3,61.0,2/6,P. kara,840.0,56.957674100000006,24.117709908653545,980.0,13.770491803278688
2240,Purvciems,Upeņu 21,2,44.0,1/7,Jaun.,500.0,56.96096095,24.19316562035312,1058.0,11.363636363636363
2243,centrs,Rūpniecības 50,3,95.0,4/7,Jaun.,1500.0,56.96679175,24.10507439202789,1103.0,15.789473684210526
2244,Ziepniekkalns,Bērzupes 8,2,42.0,2/3,Hrušč.,350.0,56.91633615,24.09407549362959,471.0,8.333333333333334
2266,Imanta,Progresa 6,3,60.0,5/5,LT proj.,300.0,56.9538085,24.03313800386988,900.0,5.0
2282,Šampēteris-Pleskodāle,Lielirbes 11,2,68.0,8/24,Specpr.,500.0,56.9348241,24.0428561,650.0,7.352941176470588
2286,centrs,Čaka 104,2,45.0,4/6,Renov.,470.0,56.9589717,24.1416594,984.0,10.444444444444445
2289,Vecrīga,Anglikāņu 3,4,128.0,3/5,Renov.,1750.0,56.9500255,24.102002860817016,850.0,13.671875
2311,Sarkandaugava,Hāpsalas 5,1,24.0,4/5,Specpr.,215.0,57.000974,24.12127055,1547.0,8.958333333333334
2312,Āgenskalns,Mārupes 19,1,24.0,2/2,Staļina,275.0,56.929084,24.069233696426902,592.0,11.458333333333334
2318,Daugavgrīva,Birzes 46,2,56.0,3/5,103.,320.0,57.03601395,24.024907264002685,1969.0,5.714285714285714
2327,Sarkandaugava,Tvaika 34,1,23.0,1/5,Renov.,150.0,57.0024524,24.118910937501568,1547.0,6.521739130434782
2330,Mežciems,Līduma 16A16,1,16.0,1/2,Specpr.,150.0,56.971972,24.2327488,1192.0,9.375
2334,centrs,Rūpniecības 25,2,54.0,5/6,Jaun.,800.0,56.9658687,24.1034862,1103.0,14.814814814814815
2345,centrs,Bruņinieku 117,3,120.0,3/3,Renov.,850.0,56.961172,24.1229335,1044.0,7.083333333333333
2346,Ķengarags,Naujenes 2,2,43.0,1/5,LT proj.,310.0,56.9080394,24.18921175,364.0,7.209302325581396
2370,Ķengarags,Prūšu 19,2,42.0,3/4,LT proj.,300.0,56.91245,24.1916997,427.0,7.142857142857143
2380,centrs,Merķeļa 3,1,25.0,3/5,P. kara,100.0,56.9484388,24.1192559,854.0,4.0
2382,Vecmīlgrāvis,Dombrovska 45,1,33.0,8/9,602.,200.0,57.03471075,24.100380867994417,1921.0,6.0606060606060606
2385,Vecmīlgrāvis,Gāles 17,1,20.0,2/5,Specpr.,130.0,57.0327263,24.11829003173853,1925.0,6.5
2391,centrs,Barona 70,2,40.0,3/3,P. kara,420.0,56.9559117,24.1310776,982.0,10.5
2392,Vecrīga,Teātra 12,3,135.0,3/7,Specpr.,1500.0,56.9487711,24.11241277884078,853.0,11.11111111111111
2395,Pļavnieki,Kaudzīšu 12,1,34.0,4/9,602.,260.0,56.93921845,24.200619360448947,744.0,7.647058823529412
2397,centrs,Brīvības 76,4,175.0,2/6,Renov.,1400.0,56.9580796,24.1250916,981.0,8.0
2400,Imanta,Lazdu 41,4,117.0,1/1,Jaun.,1500.0,56.95209355,23.98635436064066,890.0,12.820512820512821
2403,Šampēteris-Pleskodāle,Lielirbes 13-85,3,90.0,13/30,Jaun.,850.0,56.9348241,24.0428561,650.0,9.444444444444445
2416,centrs,Tallinas 33,2,48.0,1/5,P. kara,360.0,56.9627049,24.138035,1047.0,7.5
2421,centrs,Lāčplēša 62,1,15.0,6/6,P. kara,150.0,56.9510949,24.1313031,919.0,10.0
2429,Purvciems,Lielvārdes 119,2,38.0,2/5,LT proj.,370.0,56.957395250000005,24.203396948795856,997.0,9.736842105263158
2431,Ziepniekkalns,Zaļenieku 21,1,60.0,2/3,Jaun.,600.0,56.906906,24.09811735,346.0,10.0
2433,centrs,Bruņinieku 81,3,65.0,5/5,P. kara,350.0,56.961172,24.1229335,1044.0,5.384615384615385
2437,centrs,Brīvības 83,1,23.0,6/6,P. kara,110.0,56.96037245,24.130121682560187,982.0,4.782608695652174
2441,Aplokciems,Briežu 9,1,27.0,2/6,Jaun.,350.0,57.02292935,24.13751306587765,1803.0,12.962962962962964
2446,Āgenskalns,Kalnciema 9А,2,60.0,3/10,Jaun.,650.0,56.94607165,24.077743603989468,846.0,10.833333333333334
2450,Ķengarags,Prūšu 11,2,50.0,2/5,LT proj.,280.0,56.91416455,24.18728847131392,426.0,5.6
2452,centrs,Čaka 79,4,75.0,2/4,P. kara,500.0,56.9566209,24.13669,983.0,6.666666666666667
2458,centrs,Miķeļa 1,4,100.0,2/5,Specpr.,750.0,56.95596325,24.1001553,976.0,7.5
2464,Imanta,Kooperatīva 4a,1,28.0,5/5,LT proj.,260.0,56.95370895,24.0309530040765,899.0,9.285714285714286
2467,Ziepniekkalns,Valdeķu 64,1,47.0,5/9,Specpr.,300.0,56.900498,24.09395031329417,219.0,6.382978723404255
2468,Imanta,Kurzemes pr. 124,3,62.0,3/9,602.,260.0,56.9523843,24.0351851,900.0,4.193548387096774
2471,centrs,Eksporta 8A,2,55.0,4/5,Staļina,415.0,56.9593516,24.0983542,976.0,7.545454545454546
2474,Mežciems,Vecā Biķernieku 41,3,87.0,4/5,Jaun.,700.0,56.9583779,24.246396207991804,1005.0,8.045977011494253
2477,Bolderāja,Lielupes 1,1,30.0,1/4,103.,200.0,57.038622450000005,24.046476020514376,1973.0,6.666666666666667
2483,centrs,Barona 14,1,20.0,1/5,Renov.,495.0,56.95062615,24.1211541446892,917.0,24.75
2488,Pļavnieki,Deglava 104,3,76.0,6/9,119.,500.0,56.9448978,24.210387196542264,809.0,6.578947368421052
2492,Šampēteris-Pleskodāle,Volguntes 3-3,2,45.0,1/2,P. kara,220.0,56.9375435,24.0395706,712.0,4.888888888888889
2496,centrs,Ģertrūdes 38,3,114.0,2/5,P. kara,700.0,56.9538641,24.128666877855046,919.0,6.140350877192983
2499,centrs,Valdemāra 106,1,37.0,5/5,Staļina,490.0,56.9565184,24.1138584,979.0,13.243243243243244
2513,Torņakalns,Koku 15,1,38.0,6/6,M. ģim.,263.0,56.92206155,24.09469502504755,534.0,6.921052631578948
2514,Sarkandaugava,Tvaika 34,1,33.0,5/5,Renov.,170.0,57.0024524,24.118910937501568,1547.0,5.151515151515151
2515,centrs,Skolas 12,5,141.0,3/4,P. kara,1200.0,56.9570616,24.117705,980.0,8.51063829787234
2518,centrs,Skanstes 29,2,65.0,5/23,Jaun.,750.0,56.9627217,24.1133633,1042.0,11.538461538461538
2521,Grīziņkalns,Pērnavas 55,2,40.0,3/4,P. kara,220.0,56.9532285,24.1543647,924.0,5.5
2527,centrs,Birznieka-Upīša 5/7,6,85.0,2/2,P. kara,250.0,56.9487938,24.1244491,855.0,2.9411764705882355
2569,centrs,Pumpura 5,4,280.0,2/5,Renov.,1990.0,56.9563679,24.1103724,978.0,7.107142857142857
2571,Vecmīlgrāvis,Emmas 28,2,34.0,4/4,Renov.,310.0,57.03179875,24.116664434629,1924.0,9.117647058823529
2574,centrs,Miera 43,1,1001.0,1/2,Priv. m.,350.0,56.965607,24.1330763,1109.0,0.34965034965034963
2585,centrs,Brīvības 37,4,142.0,5/6,P. kara,1250.0,56.9557032,24.1199971,980.0,8.80281690140845
2587,centrs,Čaka 22,3,66.0,3/6,Renov.,700.0,56.9511466,24.1270816,918.0,10.606060606060606
2614,Pļavnieki,Pavasara g. 5,3,62.0,2/9,602.,360.0,56.9346184,24.198101,681.0,5.806451612903226
2621,Vecrīga,Šķūņu 13,4,100.0,5/5,Priv. m.,850.0,56.94934425,24.1072171074694,851.0,8.5
2638,centrs,Valdemāra 121,2,53.0,3/5,P. kara,430.0,56.9668351,24.129754777981177,1108.0,8.11320754716981
2645,Ziepniekkalns,Ziepju 5,2,41.0,3/4,Hrušč.,250.0,56.91504655,24.107985681492643,411.0,6.097560975609756
2651,Ziepniekkalns,Bauskas 45,1,28.0,1/4,Jaun.,400.0,56.9184679,24.10088464249329,472.0,14.285714285714286
2658,centrs,Martas 7,2,45.0,3/7,Jaun.,550.0,56.9553717,24.1281063609436,919.0,12.222222222222221
2674,centrs,Stabu 38,2,55.0,3/5,Jaun.,680.0,56.9551759,24.1303731,919.0,12.363636363636363
2675,Vecmīlgrāvis,Gliemežu 5,1,36.0,5/5,Specpr.,170.0,57.0373904,24.08846308998041,1982.0,4.722222222222222
2676,centrs,Čaka 59,3,139.0,5/5,P. kara,950.0,56.9553389,24.1342842,920.0,6.83453237410072
2687,Teika,Bērzpils 7,3,53.0,1/5,Hrušč.,450.0,56.9792925,24.1737087,1243.0,8.49056603773585
2700,centrs,Valdemāra 123,1,20.0,4/6,Specpr.,290.0,56.9672898,24.1301484,1108.0,14.5
2712,centrs,Bruņinieku 28,3,78.0,4/6,P. kara,600.0,56.9559254,24.1318982,982.0,7.6923076923076925
2719,centrs,Alberta 11,3,59.0,2/6,P. kara,220.0,56.95900535,24.108792096133044,978.0,3.7288135593220337
2727,Ziepniekkalns,Graudu 76,2,73.0,3/3,Jaun.,550.0,56.91108095,24.07763635,405.0,7.534246575342466
2728,Bieriņi,Cēres 2A,2,73.0,3/3,Jaun.,550.0,56.9119048,24.07665194412995,404.0,7.534246575342466
2731,Vecmīlgrāvis,Vecmīlgrāvja 1. l. 37,2,36.0,2/5,LT proj.,200.0,57.0288589,24.1070599,1859.0,5.555555555555555
2737,Ķengarags,Kaņiera 10,2,45.0,1/5,LT proj.,220.0,56.914816650000006,24.16897912220884,423.0,4.888888888888889
2741,centrs,Baznīcas 37,4,145.0,3/5,P. kara,2400.0,56.9588553,24.1228876,981.0,16.551724137931036
2747,Mežciems,Hipokrāta 20,2,45.0,5/5,Jaun.,650.0,56.960907000000006,24.239668869142143,1067.0,14.444444444444445
2752,Teika,Ropažu 74,2,39.0,2/5,103.,175.0,56.98189375,24.184871009048592,1308.0,4.487179487179487
2760,centrs,Baznīcas 13,3,125.0,5/5,P. kara,1300.0,56.956462,24.1187486,980.0,10.4
2761,Āgenskalns,Ļermontova 6,1,30.0,4/5,P. kara,300.0,56.94087715,24.07098243582901,781.0,10.0
2763,Purvciems,Vaidavas 15/1,3,123.0,5/7,Jaun.,590.0,56.9604341,24.1755855,991.0,4.796747967479675
2774,Ziepniekkalns,Bauskas 100,1,30.0,1/2,Priv. m.,170.0,56.91417815,24.1156818,412.0,5.666666666666667
2777,centrs,Brīvības 37,5,123.0,4/6,P. kara,1325.0,56.9557032,24.1199971,980.0,10.772357723577235
2779,Sarkandaugava,Tvaika 14,2,51.0,2/5,Hrušč.,300.0,56.9993082,24.118118775932345,1484.0,5.882352941176471
2781,Vecāķi,Puikules 10а,1,26.0,2/2,Priv. m.,500.0,57.0774764,24.110400050000003,,19.23076923076923
2789,Jugla,Silciema 16,1,18.0,1/1,Priv. m.,180.0,56.985900650000005,24.23835745,1382.0,10.0
2794,Sarkandaugava,Tvaika 54,2,54.0,2/5,Hrušč.,300.0,57.008275,24.1229574,1611.0,5.555555555555555
2795,Ziepniekkalns,Ozolciema 52,1,41.0,7/9,LT proj.,400.0,56.9010096,24.099975638354906,283.0,9.75609756097561
2799,Dārzciems,Jaunrozes 15,1,28.0,4/5,Hrušč.,245.0,56.94714025,24.16602555051113,863.0,8.75
2800,centrs,Ģertrūdes 30,2,61.0,2/5,P. kara,700.0,56.9551565,24.1264179,918.0,11.475409836065573
2802,centrs,Matīsa 81A,1,28.0,2/2,P. kara,265.0,56.9530372,24.1422169,921.0,9.464285714285714
2807,Mežciems,Hipokrāta 22,2,40.0,1/5,Jaun.,550.0,56.96106325,24.24030524319303,1067.0,13.75
2831,Imanta,Kleistu 15,2,52.0,3/9,602.,370.0,56.9635327,24.023010376357096,1024.0,7.115384615384615
2841,centrs,Bruņinieku 66,2,53.0,3/5,P. kara,350.0,56.9529258,24.1379066,921.0,6.60377358490566
2842,centrs,Čaka 110,4,80.0,4/5,P. kara,280.0,56.9593055,24.142857027169327,985.0,3.5
2853,centrs,Eksporta 4,2,65.0,1/5,P. kara,475.0,56.9610627,24.09880639390207,1039.0,7.3076923076923075
2857,Šampēteris-Pleskodāle,Lielirbes 13,2,68.0,10/30,Jaun.,550.0,56.9348241,24.0428561,650.0,8.088235294117647
2867,centrs,Ģertrūdes 39,3,108.0,6/6,P. kara,680.0,56.954091,24.1288911,919.0,6.296296296296297
2875,Vecrīga,Audēju 2,1,45.0,3/5,Jaun.,500.0,56.947142,24.1109199,852.0,11.11111111111111
2880,centrs,Čaka 109,3,75.0,6/6,P. kara,600.0,56.9583116,24.1398681,984.0,8.0
2892,Mežaparks,Jaunā Mežaparka 34,2,48.0,1/3,Jaun.,750.0,56.99383675,24.15716377593282,1428.0,15.625
2893,centrs,Rūpniecības 21,3,94.0,2/7,Jaun.,1100.0,56.9660465,24.1019662,1102.0,11.702127659574469
2895,Ziepniekkalns,Skaistkalnes 17,3,53.0,1/5,Jaun.,500.0,56.9148436,24.101803762989245,409.0,9.433962264150944
2898,centrs,Elizabetes 63,4,180.0,5/5,Renov.,1800.0,56.9531617,24.119692,917.0,10.0
2899,centrs,Ģertrūdes 39,2,72.0,5/6,Renov.,500.0,56.954091,24.1288911,919.0,6.944444444444445
2900,Mežciems,Vecā Biķernieku 13,2,60.0,2/4,Jaun.,550.0,56.958235,24.24188145812439,1004.0,9.166666666666666
2911,Šampēteris-Pleskodāle,Šampētera 5A,2,48.0,1/2,Staļina,372.0,56.9404991,24.0330913,711.0,7.75
2915,Imanta,Slokas 130a,2,62.0,1/7,Jaun.,480.0,56.96465555,24.01514990574056,1022.0,7.741935483870968
2919,Ķengarags,Prūšu 3 k7,2,40.0,3/5,LT proj.,380.0,56.9160681,24.183460074373464,489.0,9.5
2920,Zolitūde,Ruses 14,1,60.0,4/7,119.,350.0,56.9472328,24.00428119416181,831.0,5.833333333333333
2921,Ķengarags,Maskavas 317,1,35.0,1/12,M. ģim.,230.0,56.9086945,24.1843373,363.0,6.571428571428571
2923,Purvciems,Ainavas 2,3,60.0,2/5,602.,400.0,56.9640707,24.190404975597417,1057.0,6.666666666666667
2924,Āgenskalns,Nomales 6,1,31.0,5/5,Hrušč.,250.0,56.93657195,24.057155758808875,715.0,8.064516129032258
2928,centrs,Dzirnavu 98,4,102.0,4/5,P. kara,630.0,56.9497989,24.12399875800296,855.0,6.176470588235294
2930,Sarkandaugava,Limbažu 21,2,49.0,2/5,Specpr.,430.0,57.000697,24.1188969,1547.0,8.775510204081632
2931,Jugla,Mārkalnes 1,1,19.0,5/5,M. ģim.,99.0,56.9917901,24.2289408,1443.0,5.2105263157894735
2936,centrs,Čaka 54,4,100.0,2/5,P. kara,750.0,56.9545069,24.1333641,920.0,7.5
2950,centrs,Dzirnavu 159,3,53.0,3/4,P. kara,350.0,56.946983,24.1255417,855.0,6.60377358490566
2952,Teika,Bajāru 16,1,42.0,5/5,Jaun.,350.0,56.97194275,24.180715150458084,1181.0,8.333333333333334
2954,centrs,Stabu 59,1,14.0,1/5,P. kara,180.0,56.9535308,24.134972299748743,920.0,12.857142857142858
2955,Purvciems,Braslas 53,2,50.0,1/5,Jaun.,420.0,56.95747179999999,24.16698908820361,989.0,8.4
2959,Vecmīlgrāvis,Skuju 29,1,31.0,2/4,Staļina,240.0,57.03518385,24.10842645827041,1923.0,7.741935483870968
2960,Vecmīlgrāvis,Skuju 29,1,26.0,4/4,Staļina,250.0,57.03518385,24.10842645827041,1923.0,9.615384615384615
2994,centrs,Marijas 16,2,53.0,2/6,P. kara,430.0,56.9505796,24.1255938,918.0,8.11320754716981
3001,Āgenskalns,Ernestīnes 7,2,33.0,2/3,P. kara,400.0,56.94268185,24.0737633,782.0,12.121212121212121
3004,centrs,Valdemāra 67,4,95.0,2/6,P. kara,780.0,56.9617709,24.1225797,1044.0,8.210526315789474
3011,Sarkandaugava,Alekša 3,2,33.0,2/2,P. kara,190.0,56.99261715,24.12594903802161,1422.0,5.757575757575758
3023,Purvciems,Ieriķu 58,2,52.0,3/9,Specpr.,320.0,56.9655739,24.18301731808966,1119.0,6.153846153846154
3024,Purvciems,Stirnu 35,2,48.0,3/9,602.,300.0,56.9604641,24.186718577461097,993.0,6.25
3029,Āgenskalns,Nometņu 60,1,16.0,2/2,Specpr.,300.0,56.9370295,24.0714857,718.0,18.75
3032,Zolitūde,Zolitūdes 36/1,1,43.0,8/9,119.,289.0,56.9485467,23.9995972,830.0,6.72093023255814
3041,centrs,Miera 95,3,86.0,6/7,P. kara,500.0,56.959904,24.1290166,982.0,5.813953488372093
3042,Teika,Zemgala 52,2,55.0,1/1,Priv. m.,350.0,56.9713309,24.16834350282152,1179.0,6.363636363636363
3045,centrs,Mednieku 4,1,40.0,4/4,Renov.,520.0,56.9599919,24.1066379,977.0,13.0
3046,Āgenskalns,Kristapa 8a,1,17.0,4/4,M. ģim.,240.0,56.94299875,24.061085533874504,779.0,14.117647058823529
3048,centrs,Vidus 5,2,54.0,6/6,Jaun.,950.0,56.96145765,24.10145443684153,1039.0,17.59259259259259
3049,centrs,Tallinas 92,2,50.0,5/6,P. kara,450.0,56.956046,24.149033189306483,986.0,9.0
3064,Ziepniekkalns,Zaļenieku 21/2,2,55.0,1/3,Specpr.,700.0,56.9086667,24.0962377,345.0,12.727272727272727
3071,Vecmīlgrāvis,Rinkas 1,2,54.0,2/5,LT proj.,225.0,57.0308167,24.099167650000005,1921.0,4.166666666666667
3075,Teika,Ropažu 21,2,50.0,1/5,602.,295.0,56.9773105,24.17357363370525,1243.0,5.9
3080,Sarkandaugava,Ceļinieku 14,1,20.0,1/5,P. kara,180.0,56.996611900000005,24.128142960062604,1486.0,9.0
3091,centrs,Alberta 1,5,153.0,3/6,Renov.,1750.0,56.9585574,24.1113257,978.0,11.437908496732026
3095,Purvciems,Dzelzavas 74,2,49.0,4/11,Jaun.,460.0,56.9559625,24.1924765,995.0,9.387755102040817
3100,Čiekurkalns,Čiekurkalna 1. l. 14,2,46.0,3/4,Renov.,290.0,56.9834242,24.1592013,1303.0,6.304347826086956
3124,Vecrīga,Smilšu 2,Citi,233.0,5/6,P. kara,1398.0,56.950214,24.1057545,851.0,6.0
3165,Mežaparks,Ščecinas 9,6,120.0,2/2,Renov.,1650.0,56.9997326,24.15884341231609,1492.0,13.75
3185,Daugavgrīva,Birzes 42,1,34.0,2/4,104.,250.0,57.0364431,24.02766582829784,1970.0,7.352941176470588
3194,centrs,Blaumaņa 14,2,33.0,2/4,P. kara,300.0,56.95413665,24.122899818090715,918.0,9.090909090909092
3204,Purvciems,Pūces 45,2,58.0,1/6,Jaun.,650.0,56.9527733,24.190820384773847,931.0,11.206896551724139
3207,centrs,Antonijas 17A,2,62.0,4/6,Jaun.,1000.0,56.9600615,24.11173708615137,978.0,16.129032258064516
3216,centrs,13. janvāra 21,3,90.0,5/7,Jaun.,950.0,56.9464265,24.1158314,853.0,10.555555555555555
3222,Imanta,Progresa 3,1,37.0,2/5,Jaun.,400.0,56.95371555,24.032454954234392,900.0,10.81081081081081
3226,Teika,Ropažu 101,2,40.0,2/2,P. kara,520.0,56.9833368,24.19635625,1310.0,13.0
3227,Pļavnieki,Kaudzīšu 3,1,41.0,7/9,M. ģim.,210.0,56.94110005,24.19782741287931,807.0,5.121951219512195
3228,centrs,Matīsa 32,1,33.0,6/6,P. kara,120.0,56.9561944,24.1348781,983.0,3.6363636363636362
3236,Purvciems,Andromedas g. 5b,1,38.0,2/5,M. ģim.,250.0,56.9604406,24.1986457,996.0,6.578947368421052
3262,centrs,Dzirnavu 84,4,120.0,2/6,Renov.,350.0,56.9510632,24.1231178,918.0,2.9166666666666665
3278,centrs,Stabu 49,2,52.0,5/6,P. kara,500.0,56.9548643,24.131885879642866,919.0,9.615384615384615
3285,Āgenskalns,Kristapa 8,1,18.0,3/4,Hrušč.,265.0,56.9428655,24.060963208642875,779.0,14.722222222222221
3329,centrs,Citadeles 6,3,105.0,3/4,Jaun.,2200.0,56.9541423,24.101194963361763,913.0,20.952380952380953
3348,centrs,Strēlnieku 4B,2,37.0,5/6,Jaun.,620.0,56.9606608,24.110619826673936,1041.0,16.756756756756758
3373,Šampēteris-Pleskodāle,Stendes 2,2,55.0,4/5,103.,300.0,56.9397069,24.0349581,711.0,5.454545454545454
3391,centrs,Skolas 14,4,144.0,2/6,Renov.,1100.0,56.957614,24.1186586,980.0,7.638888888888889
3412,Ziepniekkalns,Līvciema 55,2,52.0,8/9,602.,320.0,56.901592050000005,24.10165597233661,283.0,6.153846153846154
3416,Pļavnieki,Ilūkstes 71,1,50.0,1/2,Priv. m.,300.0,56.94233745,24.194482843324582,806.0,6.0
3418,Ķengarags,Aglonas 31,2,42.0,4/5,Hrušč.,260.0,56.9127093,24.184851050467408,426.0,6.190476190476191
3424,centrs,Valdemāra 39,2,73.0,3/5,P. kara,700.0,56.9585942,24.1172511,979.0,9.58904109589041
3436,centrs,Antonijas 14,1,22.0,1/2,P. kara,350.0,56.9589897,24.1129804,979.0,15.909090909090908
3445,centrs,Stabu 11,1,21.0,2/6,Specpr.,370.0,56.9592921,24.123064174166664,981.0,17.61904761904762
3448,Ziepniekkalns,Ozolciema 12,3,78.0,2/9,119.,450.0,56.9003355,24.085037596953825,217.0,5.769230769230769
3459,Sarkandaugava,Hāpsalas 15,2,52.0,5/8,Specpr.,300.0,57.0021136,24.1212483,1547.0,5.769230769230769
3465,centrs,Dzirnavu 4,1,20.0,4/4,P. kara,195.0,56.96132465,24.10730279235888,1041.0,9.75
3470,centrs,Dzirnavu 70,3,85.0,4/5,Renov.,700.0,56.95262605,24.121847756445337,917.0,8.235294117647058
3493,Čiekurkalns,Čiekurkalna 1. l. 28,2,57.0,3/3,P. kara,280.0,56.9831035,24.175662,1306.0,4.912280701754386
3518,centrs,Elizabetes 89,2,37.0,3/5,Renov.,550.0,56.94906395,24.123003598896887,855.0,14.864864864864865
3523,centrs,Lāčplēša 7,3,78.0,5/6,Renov.,1300.0,56.957715,24.11911095410065,980.0,16.666666666666668
3527,Ķengarags,Prūšu 01,2,48.0,1/1,Priv. m.,380.0,56.9149239,24.1753703,424.0,7.916666666666667
3530,Zolitūde,Lejiņa 5,3,74.0,7/9,119.,550.0,56.94751955,24.01644599942292,833.0,7.4324324324324325
3542,centrs,Elizabetes 63,3,146.0,5/5,Renov.,1650.0,56.9531617,24.119692,917.0,11.301369863013699
3557,Purvciems,Stirnu 40B,1,35.0,3/6,Jaun.,410.0,56.9618665,24.192625,1058.0,11.714285714285714
3561,Purvciems,Stirnu 40B,2,49.0,2/6,Jaun.,510.0,56.9618665,24.192625,1058.0,10.408163265306122
3563,Purvciems,Viršu 6,1,45.0,4/12,104.,210.0,56.95210285,24.180505912186508,929.0,4.666666666666667
3570,Mežciems,Hipokrāta 47,3,64.0,2/9,602.,280.0,56.9613939,24.235635409072685,1066.0,4.375
3578,Vecmīlgrāvis,Skuju 29,2,46.0,1/4,Staļina,360.0,57.03518385,24.10842645827041,1923.0,7.826086956521739
3601,Čiekurkalns,Rusova 2b,2,50.0,1/3,Hrušč.,350.0,56.9888176,24.166363702250003,1367.0,7.0
3606,Āgenskalns,Daugavgrīvas 31,1,28.0,2/3,Renov.,300.0,56.9441285,24.0836451,784.0,10.714285714285714
3609,Āgenskalns,Kuģu 13,2,51.0,2/6,Renov.,1000.0,56.9427342,24.096131012777235,786.0,19.607843137254903
3635,Āgenskalns,Mārupes 51,1,31.0,4/4,Specpr.,220.0,56.9278294,24.07532144775641,593.0,7.096774193548387
3657,centrs,Dzirnavu 6a,3,77.0,2/5,Renov.,800.0,56.96107865,24.107041157276385,1040.0,10.38961038961039
3666,centrs,Merķeļa 6,1,38.0,2/5,P. kara,270.0,56.94917545,24.11956578782663,854.0,7.105263157894737
3668,Āgenskalns,Raņķa d. 34,3,84.0,9/23,Jaun.,1150.0,56.9450949,24.0837011,784.0,13.69047619047619
3669,Ķengarags,Maskavas 273/3,1,30.0,5/5,Hrušč.,300.0,56.8997798,24.2039578,241.0,10.0
3674,Ziepniekkalns,Ziepju 1,1,20.0,1/2,Renov.,220.0,56.9150944,24.10701384732254,410.0,11.0
3690,Torņakalns,Mūkusalas 29,2,39.0,3/4,Jaun.,550.0,56.9371274,24.1018274,724.0,14.102564102564102
3711,Teika,Āraišu 1,2,58.0,2/3,Priv. m.,495.0,56.9752258,24.1822031,1181.0,8.53448275862069
3713,Vecrīga,Vāgnera 8,4,76.0,2/5,P. kara,990.0,56.9489106,24.1109949,852.0,13.026315789473685
3720,Ziepniekkalns,Irbenes 14,1,38.0,5/5,104.,250.0,56.91262,24.0953657,408.0,6.578947368421052
3734,Bolderāja,Tekstilnieku 20,1,20.0,2/3,Renov.,100.0,57.0307978,24.0421227,1909.0,5.0
3737,centrs,Brīvības 159a,2,49.0,4/6,P. kara,380.0,56.9537963,24.117328,917.0,7.755102040816326
3751,centrs,Merķeļa 17,2,49.0,2/5,Staļina,650.0,56.9510849,24.1151446,916.0,13.26530612244898
3754,centrs,Bruņinieku 4,1,24.0,3/7,P. kara,360.0,56.9615592,24.12452338944088,1044.0,15.0
3756,centrs,Bruņinieku 81,2,38.0,5/5,P. kara,220.0,56.961172,24.1229335,1044.0,5.7894736842105265
3760,Āgenskalns,Kokles 12B,1,20.0,2/4,Renov.,350.0,56.9340672,24.080851991354976,657.0,17.5
3776,centrs,Valdemāra 39,2,49.0,2/5,P. kara,450.0,56.9585942,24.1172511,979.0,9.183673469387756
3783,Aplokciems,Briežu 7,1,27.0,1/6,Jaun.,370.0,57.02216595,24.137799604973225,1803.0,13.703703703703704
3795,Purvciems,Dzelzavas 25,3,60.0,4/9,602.,350.0,56.95966275,24.178497635441097,992.0,5.833333333333333
3810,Ziepniekkalns,Ozolciema 12/3,3,77.0,5/10,119.,500.0,56.8983868,24.0861138,217.0,6.4935064935064934
3813,Āgenskalns,Slokas 32,5,135.0,3/3,P. kara,1200.0,56.9496924,24.0717572338069,844.0,8.88888888888889
3816,Purvciems,Dudajeva g. 9,2,50.0,4/5,LT proj.,260.0,56.9575254,24.1942844,995.0,5.2
3823,Sarkandaugava,Hāpsalas 12,2,44.0,3/3,Renov.,280.0,57.0001777,24.1220278,1484.0,6.363636363636363
3836,Čiekurkalns,Rusova 32,1,38.0,3/5,M. ģim.,260.0,56.9864602,24.17476927500538,1369.0,6.842105263157895
3840,centrs,Stabu 105,2,55.0,2/7,Renov.,420.0,56.9599606,24.1209763,980.0,7.636363636363637
3841,centrs,Valdemāra 97,2,60.0,4/5,P. kara,420.0,56.9643707,24.126725444664714,1044.0,7.0
3848,centrs,Brīvības 218d,1,25.0,2/2,P. kara,250.0,56.9537963,24.117328,917.0,10.0
3849,Ziepniekkalns,Ozolciema 28,1,36.0,7/9,602.,385.0,56.8993514,24.096424848169868,219.0,10.694444444444445
3850,Āgenskalns,Kokles 12B,1,29.0,1/4,Renov.,300.0,56.9340672,24.080851991354976,657.0,10.344827586206897
3851,Pļavnieki,Tīnūžu 1A,2,42.0,2/5,Jaun.,450.0,56.9347675,24.2069555,682.0,10.714285714285714
3868,centrs,Eksporta 10,2,53.0,1/5,Staļina,400.0,56.9593516,24.0983542,976.0,7.547169811320755
3870,centrs,Miķeļa 1,4,94.0,2/5,Specpr.,750.0,56.95596325,24.1001553,976.0,7.9787234042553195
3873,centrs,Tallinas 92a,2,42.0,1/6,Renov.,450.0,56.9558628,24.1487193,986.0,10.714285714285714
3874,Vecmīlgrāvis,Rinkas 7,3,64.0,1/9,602.,270.0,57.03312625,24.102231172196724,1921.0,4.21875
3894,centrs,Rūpniecības 27,3,69.0,4/7,Jaun.,1100.0,56.9663415,24.10326172386397,1103.0,15.942028985507246
3899,Jugla,Juglas 1,1,31.0,3/5,LT proj.,360.0,56.9639938,24.2794782,,11.612903225806452
3900,centrs,Rūpniecības 27,2,56.0,6/6,Jaun.,950.0,56.9663415,24.10326172386397,1103.0,16.964285714285715
3907,Jugla,Veldres 11,3,58.0,3/5,LT proj.,380.0,56.97476385,24.24616667509968,1194.0,6.551724137931035
3908,centrs,Bruņinieku 117,2,58.0,1/1,Renov.,800.0,56.961172,24.1229335,1044.0,13.793103448275861
3911,centrs,Baznīcas 13,3,77.0,2/5,P. kara,590.0,56.956462,24.1187486,980.0,7.662337662337662
3917,centrs,Ausekļa 11,3,80.0,4/6,Renov.,700.0,56.9617633,24.099890644297435,1039.0,8.75
3932,centrs,Elizabetes 103,1,17.0,3/5,P. kara,120.0,56.9472539,24.1233062,855.0,7.0588235294117645
3933,centrs,Birznieka-Upīša 27,4,110.0,2/6,P. kara,890.0,56.9487525,24.1248249,855.0,8.090909090909092
3945,Bieriņi,Codes 24,1,25.0,1/1,Priv. m.,300.0,56.9157669,24.067626593447365,466.0,12.0
3946,centrs,Brīvības 39a,4,93.0,6/6,Renov.,1250.0,56.9561872,24.1202235,980.0,13.440860215053764
3955,centrs,Skolas 34,Citi,189.0,5/6,Specpr.,900.0,56.9598583,24.12267499707032,981.0,4.761904761904762
3967,Pļavnieki,Zemes 15,2,50.0,7/9,602.,400.0,56.942374,24.201968937122075,807.0,8.0
3971,centrs,Valdemāra 49,4,85.0,2/3,Renov.,900.0,56.9592997,24.1184875,980.0,10.588235294117647
3981,Teika,Ropažu 45,2,47.0,4/5,Hrušč.,250.0,56.97969115,24.1787647,1244.0,5.319148936170213
3982,Šampēteris-Pleskodāle,Lielirbes 11,2,68.0,4/24,Jaun.,460.0,56.9348241,24.0428561,650.0,6.764705882352941
3983,centrs,Skolas 36A,2,53.0,3/4,P. kara,750.0,56.96007135,24.123345016522656,981.0,14.150943396226415
4003,Purvciems,Dzelzavas 76,2,50.0,7/9,602.,280.0,56.9550112,24.1985621,933.0,5.6
4004,Jugla,Veldres 1,2,45.0,4/5,LT proj.,300.0,56.97893865,24.24650535178751,1257.0,6.666666666666667
4034,Iļģuciems,Vaidelotes 25,2,42.0,1/5,Hrušč.,300.0,56.9671925,24.047977721181624,1092.0,7.142857142857143
4035,Bolderāja,Gobas 24,2,54.0,5/5,103.,220.0,57.0286242,24.05645531815896,1849.0,4.074074074074074
4056,Vecmīlgrāvis,Dombrovska 45,1,33.0,1/9,602.,240.0,57.03471075,24.100380867994417,1921.0,7.2727272727272725
4064,Āgenskalns,Struteles 4,1,20.0,1/1,P. kara,350.0,56.93887985,24.06307112293724,717.0,17.5
4067,Purvciems,Kastrānes 1/2,2,20.0,2/5,Renov.,235.0,56.9659974,24.1766569,1117.0,11.75
4077,Jugla,Veldres 9,2,45.0,2/5,LT proj.,300.0,56.9752097,24.2458483139546,1194.0,6.666666666666667
4086,centrs,Rūpniecības 42,1,24.0,1/3,Renov.,340.0,56.96616395,24.105099927247505,1103.0,14.166666666666666
4087,centrs,Rūpniecības 42,1,34.0,1/3,Renov.,390.0,56.96616395,24.105099927247505,1103.0,11.470588235294118
4102,centrs,Antonijas 16,2,63.0,2/6,Jaun.,860.0,56.95921875,24.11332138314208,979.0,13.65079365079365
4109,centrs,Miera 103,3,56.0,5/5,Jaun.,750.0,56.959904,24.1290166,982.0,13.392857142857142
4116,Mežaparks,Ķempes 1,3,71.0,7/12,Specpr.,545.0,56.9943756,24.164389582752904,1430.0,7.676056338028169
4122,Sarkandaugava,Patversmes 30/2,2,60.0,4/4,Staļina,500.0,56.990941,24.1329725,1424.0,8.333333333333334
4126,centrs,Antonijas 17a,4,119.0,1/6,Jaun.,3150.0,56.9600615,24.11173708615137,978.0,26.470588235294116
4127,centrs,Barona 76,3,77.0,5/6,Renov.,820.0,56.9565303,24.1322527,982.0,10.64935064935065
4138,Čiekurkalns,Čiekurkalna 2. l. 51A,2,35.0,2/2,Renov.,450.0,56.9834267,24.1658176,1304.0,12.857142857142858
4205,Sarkandaugava,Ozolu 5,1,36.0,5/5,M. ģim.,220.0,56.9866895,24.136366430006863,1361.0,6.111111111111111
4213,centrs,Skanstes 29,3,96.0,21/23,Jaun.,1400.0,56.9627217,24.1133633,1042.0,14.583333333333334
4214,Purvciems,Dzelzavas 110,3,61.0,6/7,Jaun.,670.0,56.9527757,24.2139989,936.0,10.98360655737705
4216,Šampēteris-Pleskodāle,Lielirbes 13,3,90.0,18/30,Jaun.,750.0,56.9348241,24.0428561,650.0,8.333333333333334
4225,Dārzciems,Kaķu 4,4,89.0,2/4,Jaun.,900.0,56.9375945,24.184656004656865,741.0,10.112359550561798
4237,Pļavnieki,Lubānas 61,1,20.0,2/2,Renov.,150.0,56.9411711,24.237357,815.0,7.5
4254,Imanta,Ēnas 7,1,30.0,2/2,Priv. m.,250.0,56.95129855,23.9939596,892.0,8.333333333333334
4266,Teika,Apes 12,2,46.0,2/5,103.,360.0,56.97828955,24.17568002313817,1243.0,7.826086956521739
4272,centrs,Čaka 79,2,48.0,1/4,P. kara,330.0,56.9566209,24.13669,983.0,6.875
4284,centrs,Lāčplēša 16,3,76.0,3/6,P. kara,300.0,56.95556745,24.122441867142857,981.0,3.9473684210526314
4313,Imanta,Anniņmuižas 28,1,38.0,2/17,Specpr.,350.0,56.9605305,24.020171956389166,1023.0,9.210526315789474
4314,centrs,Bruņinieku 115B,1,20.0,4/5,P. kara,150.0,56.961172,24.1229335,1044.0,7.5
4317,Vecmīlgrāvis,Meldru 10,1,18.0,4/4,Hrušč.,200.0,57.0297257,24.100482753894607,1858.0,11.11111111111111
4327,Zolitūde,Imantas 16. l. 7,3,80.0,3/9,119.,400.0,56.943644,24.0069862,768.0,5.0
4343,Jugla,Mārkalnes 5,1,17.0,5/5,Specpr.,220.0,56.992411700000005,24.22864482657527,1443.0,12.941176470588236
4349,Ķengarags,Ķengaraga 10,2,55.0,5/5,Jaun.,500.0,56.9164136,24.16500416715885,485.0,9.090909090909092
4357,Ķengarags,Ikšķiles 3,2,38.0,1/5,Hrušč.,250.0,56.9024773,24.2046967208152,304.0,6.578947368421052
4385,Zolitūde,Lejiņa 5,2,58.0,8/12,119.,420.0,56.94751955,24.01644599942292,833.0,7.241379310344827
4447,Āgenskalns,Alīses 5,3,79.0,4/5,Renov.,800.0,56.9452001,24.06898779128,781.0,10.126582278481013
4448,Sarkandaugava,Sarkandaugavas 26/6,2,44.0,5/5,Hrušč.,170.0,57.0020149,24.1232439,1548.0,3.8636363636363638
4453,Ziepniekkalns,Mālu 10,2,30.0,2/2,Priv. m.,260.0,56.91269735,24.10318725,410.0,8.666666666666666
4465,Vecrīga,Kungu 25,4,198.0,2/5,Renov.,2300.0,56.94581565,24.10930134907595,852.0,11.616161616161616
4471,centrs,Tallinas 66,1,35.0,3/5,103.,300.0,56.95805305,24.14492972799104,985.0,8.571428571428571
4489,centrs,Tērbatas 72,3,56.0,4/7,Jaun.,850.0,56.95828285,24.13295270970784,983.0,15.178571428571429
4490,centrs,Tērbatas 72,2,58.0,4/7,Jaun.,700.0,56.95828285,24.13295270970784,983.0,12.068965517241379
4491,centrs,Tērbatas 72,1,47.0,4/7,Jaun.,600.0,56.95828285,24.13295270970784,983.0,12.76595744680851
4499,centrs,Marijas 8,4,114.0,5/5,P. kara,850.0,56.9496576,24.123469809797296,855.0,7.456140350877193
4503,Zolitūde,Ruses 18,3,81.0,4/9,119.,450.0,56.94620145,24.005060862500017,831.0,5.555555555555555
4510,centrs,Zaubes 5,3,96.0,4/5,P. kara,900.0,56.9630335,24.1225038935685,1044.0,9.375
4520,Šampēteris-Pleskodāle,Stendes 1/3,2,40.0,3/5,Hrušč.,350.0,56.9397069,24.0349581,711.0,8.75
4529,Ķengarags,Maskavas 317,1,37.0,11/12,Specpr.,300.0,56.9086945,24.1843373,363.0,8.108108108108109
4536,centrs,Antonijas 17a,2,54.0,4/6,Jaun.,1000.0,56.9600615,24.11173708615137,978.0,18.51851851851852
4543,Teika,Lielvārdes 37,2,45.0,1/3,Renov.,420.0,56.97297685,24.1907441,1183.0,9.333333333333334
4545,Purvciems,Ilūkstes 38,2,57.0,4/9,119.,300.0,56.9493874,24.1970802,869.0,5.2631578947368425
4546,Teika,Ūnijas 51,5,115.0,1/2,Jaun.,1200.0,56.96688395,24.17437674720765,1117.0,10.434782608695652
4550,Daugavgrīva,Lēpju 5,3,55.0,4/5,Hrušč.,360.0,57.04141605,24.02750469605328,2033.0,6.545454545454546
4558,centrs,Valdemāra 145,1,15.0,1/6,Hrušč.,170.0,56.9565184,24.1138584,979.0,11.333333333333334
4560,Vecrīga,Pils 9,1,42.0,5/5,P. kara,455.0,56.95009995,24.10217903884851,850.0,10.833333333333334
4561,Bieriņi,Zemītes 1,3,96.0,1/2,Priv. m.,1200.0,56.9228037,24.0668699,528.0,12.5
4569,Mežaparks,Ezermalas 4a,3,56.0,5/5,Renov.,440.0,56.9984019,24.1707634,1494.0,7.857142857142857
4579,centrs,Elizabetes 29B,3,86.0,3/4,P. kara,900.0,56.958696,24.109134579725165,978.0,10.465116279069768
4585,centrs,Miera 105,2,45.0,1/6,Renov.,450.0,56.959904,24.1290166,982.0,10.0
4589,Mežaparks,Ezermalas 13,2,96.0,4/5,Jaun.,730.0,56.99733515,24.1704467,1494.0,7.604166666666667
4606,centrs,Alberta 1,2,75.0,2/6,P. kara,200.0,56.9585574,24.1113257,978.0,2.6666666666666665
4613,Vecmīlgrāvis,Skuju 29,3,57.0,4/4,Staļina,470.0,57.03518385,24.10842645827041,1923.0,8.24561403508772
4615,centrs,Barona 17,3,110.0,2/5,P. kara,1190.0,56.9523529,24.1232494,918.0,10.818181818181818
4622,centrs,Alunāna 6,2,61.0,3/4,P. kara,550.0,56.956864,24.1117392,978.0,9.01639344262295
4637,Imanta,Anniņmuižas 70,1,35.0,9/9,602.,350.0,56.9573992,24.0237329,961.0,10.0
4639,centrs,Maiznīcas 3,2,50.0,1/2,Renov.,600.0,56.9609771,24.12904334010376,1045.0,12.0
4644,centrs,Stabu 62,5,100.0,2/5,P. kara,870.0,56.9528546,24.1352223,920.0,8.7
4651,centrs,Eksporta 8,4,260.0,2/2,Jaun.,3000.0,56.9541719,24.0974382,913.0,11.538461538461538
4652,Zolitūde,Ruses 9,3,72.0,9/9,119.,400.0,56.9473522,24.0057465,831.0,5.555555555555555
4672,centrs,Valdemāra 27,2,39.0,2/6,Renov.,550.0,56.957675,24.1154674,979.0,14.102564102564102
4679,centrs,Valdemāra 27,3,66.0,3/6,Renov.,790.0,56.957675,24.1154674,979.0,11.969696969696969
4687,Purvciems,Madonas 21,2,60.0,10/16,Specpr.,290.0,56.96107275,24.17095887799285,1053.0,4.833333333333333
4697,Āgenskalns,Slokas 12a,2,51.0,4/6,P. kara,340.0,56.9452464,24.075064722474764,782.0,6.666666666666667
4704,Purvciems,Stirnu 40B,3,62.0,5/6,Jaun.,615.0,56.9618665,24.192625,1058.0,9.919354838709678
4707,Āgenskalns,Nometņu 60,2,32.0,1/2,Specpr.,430.0,56.9370295,24.0714857,718.0,13.4375
4722,centrs,Stabu 80,4,90.0,4/4,P. kara,900.0,56.9599606,24.1209763,980.0,10.0
4727,Bolderāja,Gaigalas 13,1,27.0,2/2,P. kara,270.0,57.0314156,24.0448641,1910.0,10.0
4743,centrs,Valdemāra 76,4,100.0,2/10,Specpr.,800.0,56.96885245,24.13257603943002,1109.0,8.0
4763,Purvciems,Lielvārdes 105,1,50.0,9/12,104.,320.0,56.9598589,24.1974944,996.0,6.4
4783,Ķengarags,Prūšu 42,2,43.0,4/4,Hrušč.,270.0,56.90991145,24.194353321605504,365.0,6.27906976744186
4793,Āgenskalns,Liepājas 36,2,67.0,3/3,Staļina,500.0,56.930957,24.0692848,655.0,7.462686567164179
4794,Āgenskalns,Raņķa d. 34,3,88.0,17/24,Jaun.,2400.0,56.9450949,24.0837011,784.0,27.272727272727273
4795,Āgenskalns,Kristapa 26,2,47.0,2/5,Hrušč.,350.0,56.94560915,24.068014401385486,844.0,7.446808510638298
4798,Vecāķi,Kūduma 2,3,75.0,1/1,Priv. m.,800.0,57.0734773,24.101915,2425.0,10.666666666666666
4801,centrs,Ganu 4,2,50.0,1/6,Renov.,800.0,56.9614264,24.1091815,1041.0,16.0
4811,centrs,Kalniņa 1,1,25.0,2/5,Renov.,650.0,56.949246,24.120821916159187,854.0,26.0
4813,centrs,Barona 14,1,22.0,4/5,Renov.,550.0,56.95062615,24.1211541446892,917.0,25.0
4814,Ķengarags,Maskavas 268,3,57.0,2/5,Hrušč.,370.0,56.90549305,24.18688131314538,300.0,6.491228070175438
4821,Vecmīlgrāvis,Melīdas 4,1,28.0,3/5,LT proj.,220.0,57.0296081,24.106499050000007,1859.0,7.857142857142857
4824,centrs,Bruņinieku 75d,2,40.0,1/6,P. kara,340.0,56.9527418,24.138830707822592,921.0,8.5
4825,Teika,Brīvības 233,2,47.0,3/3,P. kara,440.0,56.9769038,24.17682988289808,1243.0,9.361702127659575
4845,Teika,Brīvības 215,1,25.0,2/4,Renov.,500.0,56.975238,24.172448948187675,1180.0,20.0
4856,Pļavnieki,Salnas 2,1,32.0,3/9,602.,180.0,56.94312,24.217667771238897,811.0,5.625
4874,centrs,Baznīcas 7,1,12.0,6/6,P. kara,250.0,56.9557916,24.117568,980.0,20.833333333333332
4891,Teika,Aizkraukles 12A,3,75.0,1/5,Jaun.,835.0,56.9753941,24.184587978876536,1182.0,11.133333333333333
4898,Purvciems,Nīcgales 47,3,63.0,2/5,Specpr.,380.0,56.9534578,24.1747956,928.0,6.031746031746032
4902,Teika,Bērzpils 7,1,13.0,1/5,Hrušč.,220.0,56.9792925,24.1737087,1243.0,16.923076923076923
4908,centrs,Stabu 13,4,140.0,1/5,Renov.,2700.0,56.95913175,24.1232074599656,981.0,19.285714285714285
4911,Mežaparks,Inčukalna 2,3,75.0,4/4,Renov.,1000.0,56.9960407,24.14246281831603,1489.0,13.333333333333334
4916,centrs,Avotu 76,1,23.0,2/2,Renov.,250.0,56.9532872,24.1467287,922.0,10.869565217391305
4928,centrs,Matīsa 137,2,70.0,1/3,P. kara,200.0,56.9564621,24.134618,983.0,2.857142857142857
4929,centrs,Valdemāra 40,1,38.0,3/5,Specpr.,450.0,56.95981215,24.120088918025463,980.0,11.842105263157896
4930,Ziepniekkalns,Dignājas 3A,2,62.0,4/6,Jaun.,490.0,56.91281480000001,24.12029034592851,413.0,7.903225806451613
4933,Iļģuciems,Lilijas 18,1,50.0,3/3,P. kara,280.0,56.9649868,24.0634798,1032.0,5.6
4934,Sarkandaugava,Duntes 48,1,29.0,5/2,P. kara,200.0,56.99189845,24.1276669239564,1423.0,6.896551724137931
4935,Purvciems,Purvciema 53,1,45.0,4/9,Specpr.,450.0,56.9543059,24.17911070525553,929.0,10.0
4936,Ķengarags,Aviācijas 1,2,40.0,5/5,LT proj.,450.0,56.90629205,24.19465442699316,365.0,11.25
4941,Vecrīga,Kungu 8,2,74.0,5/5,Renov.,540.0,56.9460521,24.1096304,852.0,7.297297297297297
4945,Sarkandaugava,Sarkandaugavas 9,1,29.0,1/2,P. kara,120.0,56.99835125,24.123049687788665,1485.0,4.137931034482759
4947,centrs,Strēlnieku 2A,5,178.0,2/6,P. kara,1200.0,56.95879445,24.10691474188262,977.0,6.741573033707865
4952,Jugla,Juglas 17,2,40.0,2/2,P. kara,330.0,56.9703752,24.2725858,,8.25
4958,centrs,Čaka 59,1,14.0,2/5,Specpr.,300.0,56.9553389,24.1342842,920.0,21.428571428571427
4964,Purvciems,Dzelzavas 76/3,2,47.0,9/9,602.,350.0,56.9641969,24.1678087,1053.0,7.446808510638298
4966,centrs,Rūpniecības 11,3,79.0,2/6,Renov.,1200.0,56.9608302,24.1030076,1040.0,15.189873417721518
4977,Āgenskalns,Mārupes 21,2,54.0,4/5,Specpr.,400.0,56.93028835,24.07364179370886,593.0,7.407407407407407
4979,Purvciems,Ūnijas 70,2,38.0,5/5,LT proj.,350.0,56.96220485,24.18099579048994,1055.0,9.210526315789474
4982,centrs,Rūpniecības 34А,4,146.0,3/6,Jaun.,1200.0,56.9659754,24.1046278,1103.0,8.219178082191782
5004,centrs,Čaka 91,1,10.0,3/4,P. kara,140.0,56.9571809,24.1377621,984.0,14.0
5011,centrs,Tallinas 33,1,31.0,1/5,P. kara,280.0,56.9627049,24.138035,1047.0,9.03225806451613
5013,Pļavnieki,Kupriču 1A,2,54.0,3/5,Jaun.,630.0,56.9384345,24.224634955726607,749.0,11.666666666666666
5033,Imanta,Kurzemes pr. 72,1,20.0,5/5,602.,220.0,56.9546419,24.0347495,900.0,11.0
